DELETE FROM pet_stats WHERE entry IN (78158, 78217, 78216);
insert into `pet_stats` (`entry`, `hp`, `ap`, `ap_type`, `spd`, `school_mask`, `maxspdorap`, `state`, `energy`, `energy_type`, `armor`, `type`, `damage`, `haste`, `comment`) values
('78158','0.5','-0.06','0','1','36','0','2','100','3','3','1','0','1','Страж ужаса'),
('78217','0.5','-0.06','0','1','36','0','2','1','0','3','0','0','1','Инфернал'),
('78216','0.5','-0.06','0','1','127','0','2','1','0','3','0','0','1','Абиссал');
UPDATE creature_template SET unit_flags2 = unit_flags2 | 2048 WHERE entry IN (78158);
UPDATE creature_template SET unit_flags2 = unit_flags2 | 2048 WHERE entry IN (78216);

INSERT INTO `spell_script_names` (`spell_id`, `ScriptName`) VALUES('85692','spell_warl_doom_bolt');
INSERT INTO `spell_script_names` (`spell_id`, `ScriptName`) VALUES('152107','spell_warl_demonic_servitude');

DELETE FROM spell_dummy_trigger WHERE spell_id IN (119905,119907,119913,119911,119909,119910,119914,119915);
insert into `spell_dummy_trigger` (`spell_id`, `spell_trigger`, `option`, `target`, `caster`, `targetaura`, `bp0`, `bp1`, `bp2`, `effectmask`, `aura`, `chance`, `comment`) values
('119905','119899','4','0','1','0','0','0','0','7','0','0','Прижигание ран хозяина (Особая способность)'),
('119907','0','4','0','1','0','0','0','0','7','0','0','Обезоруживание (Особая способность)'),
('119909','0','5','0','1','0','0','0','0','7','0','0','Удар кнутом (Особая способность)'),
('119910','0','4','0','1','0','0','0','0','7','0','0','Запрет чар (Особая способность)'),
('119911','0','4','0','1','0','0','0','0','7','0','0','Оптический удар (Особая способность)'),
('119913','0','5','0','1','0','0','0','0','7','0','0','Кнут Скверны (Особая способность)'),
('119914','89751','4','0','1','0','0','0','0','7','0','0','Буря Скверны (Особая способность)'),
('119915','115831','4','0','1','0','0','0','0','7','0','0','Буря гнева (Особая способность)');

DELETE FROM spell_linked_spell WHERE spell_effect IN (119905,119907,119913,119911,119909,119910,119914,119915);
insert into `spell_linked_spell` (`spell_trigger`, `spell_effect`, `type`, `caster`, `target`, `hastype`, `hastalent`, `hastype2`, `hastalent2`, `chance`, `cooldown`, `duration`, `hitmask`, `removeMask`, `targetCountType`, `targetCount`, `actiontype`, `group`, `comment`) values
('119899','119905','0','2','0','0','0','0','0','0','0','0','0','0','0','-1','3','0','Прижигание ран хозяина (Особая способность)'),
('115781','119911','0','2','0','0','0','0','0','0','0','0','0','0','0','-1','3','0','Оптический удар (Особая способность)'),
('19647','119910','0','2','0','0','0','0','0','0','0','0','0','0','0','-1','3','0','Запрет чар (Особая способность)'),
('89751','119914','0','2','0','0','0','0','0','0','0','0','0','0','0','-1','3','0','Буря Скверны (Особая способность)'),
('115831','119915','0','2','0','0','0','0','0','0','0','0','0','0','0','-1','3','0','Буря гнева (Особая способность)'),
('115770','119913','0','2','0','0','0','0','0','0','0','0','0','0','0','-1','3','0','Кнут Скверны (Особая способность)'),
('6360','119909','0','2','0','0','0','0','0','0','0','0','0','0','0','-1','3','0','Удар кнутом (Особая способность)');

