--
SET @CGUID = 1135667; -- creature
SET @OGUID = 542171; -- gameobject

DELETE FROM creature where map in (1153);
DELETE FROM gameobject where map in (1153);
DELETE FROM `creature_addon` WHERE `guid` not in (select guid from creature);
DELETE FROM `waypoint_data` WHERE `id` not in (select guid from creature);

DELETE FROM `gameobject` WHERE `guid` BETWEEN @OGUID+0 AND @OGUID+176;
DELETE FROM `creature` WHERE `guid` BETWEEN @CGUID+0 AND @CGUID+228;
DELETE FROM `creature_addon` WHERE `guid` BETWEEN @CGUID+0 AND @CGUID+228;
DELETE FROM `waypoint_data` WHERE `id` BETWEEN @CGUID+0 AND @CGUID+228;

INSERT INTO `creature` (`guid`, `id`, `map`, `spawnMask`, `phaseMask`, `phaseId`, `position_x`, `position_y`, `position_z`, `orientation`, `spawntimesecs`, `spawndist`, `MovementType`) VALUES
(@CGUID+0, 96362, 1153, 3, 1, '', 5634.308, 4553.008, 119.5289, 5.730995, 7200, 0, 0), -- 96362 (Area: 7103)
(@CGUID+1, 78320, 1153, 3, 1, '', 5581.288, 4556.566, 135.5988, 1.408027, 7200, 0, 0), -- 78320 (Area: 7103)
(@CGUID+2, 94870, 1153, 3, 1, '', 5593.31, 4594.316, 136.7203, 6.206845, 7200, 0, 0), -- 94870 (Area: 7103)
(@CGUID+3, 91072, 1153, 3, 1, '', 5590.563, 4598.007, 136.8309, 0.1662814, 7200, 0, 0), -- 91072 (Area: 7103)
(@CGUID+4, 96735, 1153, 3, 1, '', 5637.596, 4554.153, 119.6181, 5.443634, 7200, 0, 0), -- 96735 (Area: 7103)
(@CGUID+5, 86470, 1153, 3, 1, '', 5602.811, 4590.979, 142.0018, 2.004735, 7200, 0, 0), -- 86470 (Area: 7103)
(@CGUID+6, 80437, 1153, 3, 1, '', 5595.426, 4521.408, 126.3799, 3.830284, 7200, 0, 0), -- 80437 (Area: 7103)
(@CGUID+7, 78487, 1153, 3, 1, '', 5614.104, 4563.054, 135.189, 5.627636, 7200, 0, 0), -- 78487 (Area: 7103)
(@CGUID+8, 79774, 1153, 3, 1, '', 5591.72, 4578.257, 136.5275, 5.231608, 7200, 0, 0), -- 79774 (Area: 7103) (Auras: 178343 - 178343)
(@CGUID+9, 80026, 1153, 3, 1, '', 5584.84, 4566.588, 136.1606, 5.351302, 7200, 0, 0), -- 80026 (Area: 7103)
(@CGUID+10, 80440, 1153, 3, 1, '', 5619.096, 4585.8, 148.1875, 5.745021, 7200, 0, 0), -- 80440 (Area: 7103)
(@CGUID+11, 80299, 1153, 3, 1, '', 5594.671, 4577.21, 136.4781, 2.468988, 7200, 0, 0), -- 80299 (Area: 7103) (Auras: 178343 - 178343)
(@CGUID+12, 80438, 1153, 3, 1, '', 5615.229, 4596.347, 137.322, 0, 7200, 0, 0), -- 80438 (Area: 7103)
(@CGUID+13, 79925, 1153, 3, 1, '', 5557.271, 4567.828, 137.4389, 0, 7200, 0, 0), -- 79925 (Area: 7103) (Auras: 162907 - 162907)
(@CGUID+14, 79605, 1153, 3, 1, '', 5645.115, 4577.112, 120.5538, 0, 7200, 0, 0), -- 79605 (Area: 7103) (Auras: 162907 - 162907)
(@CGUID+15, 79781, 1153, 3, 1, '', 5644.312, 4547.138, 119.3513, 4.842425, 7200, 0, 0), -- 79781 (Area: 7103) (Auras: 178343 - 178343)
(@CGUID+16, 83858, 1153, 3, 1, '', 5590.124, 4569.913, 136.1093, 5.094736, 7200, 0, 0), -- 83858 (Area: 7103)
(@CGUID+17, 79407, 1153, 3, 1, '', 5575.775, 4563.67, 136.3071, 0.4948707, 7200, 0, 0), -- 79407 (Area: 7103)
(@CGUID+18, 80437, 1153, 3, 1, '', 5601.471, 4572.962, 136.6468, 0, 7200, 0, 0), -- 80437 (Area: 7103)
-- (@CGUID+19, 78467, 1153, 3, 1, '', 5615.019, 4514.686, 120.3219, 2.978104, 7200, 10, 1), -- 78467 (Area: 7103) (possible waypoints or random movement)
(@CGUID+20, 80288, 1153, 3, 1, '', 5561.716, 4569.018, 137.0431, 0, 7200, 0, 0), -- 80288 (Area: 7103) (Auras: 162907 - 162907)
-- (@CGUID+21, 78467, 1153, 3, 1, '', 5612.91, 4516.995, 120.4438, 0.2462964, 7200, 10, 1), -- 78467 (Area: 7103) (possible waypoints or random movement)
(@CGUID+22, 83482, 1153, 3, 1, '', 5643.874, 4555.059, 119.2825, 4.035889, 7200, 0, 0), -- 83482 (Area: 7103)
(@CGUID+23, 79781, 1153, 3, 1, '', 5645.589, 4546.684, 119.1937, 0, 7200, 0, 0), -- 79781 (Area: 7103) (Auras: 178343 - 178343)
(@CGUID+24, 89262, 1153, 3, 1, '', 5591.082, 4574.522, 136.4423, 5.127877, 7200, 0, 0), -- 89262 (Area: 7103)
(@CGUID+25, 79781, 1153, 3, 1, '', 5646.858, 4542.267, 119.1705, 2.411464, 7200, 0, 0), -- 79781 (Area: 7103) (Auras: 178343 - 178343)
(@CGUID+26, 81166, 1153, 3, 1, '', 5574.164, 4567.729, 136.4911, 5.904796, 7200, 0, 0), -- 81166 (Area: 7103)
(@CGUID+27, 89263, 1153, 3, 1, '', 5586.807, 4572.116, 136.4733, 5.127877, 7200, 0, 0), -- 89263 (Area: 7103)
(@CGUID+28, 80437, 1153, 3, 1, '', 5594.588, 4606.084, 136.8288, 0.8600514, 7200, 0, 0), -- 80437 (Area: 7103)
(@CGUID+29, 79925, 1153, 3, 1, '', 5641, 4537.99, 118.9309, 0, 7200, 0, 0), -- 79925 (Area: 7103)
(@CGUID+30, 78985, 1153, 3, 1, '', 5630.247, 4551.132, 119.3535, 4.940253, 7200, 0, 0), -- 78985 (Area: 7103)
(@CGUID+31, 78495, 1153, 3, 1, '', 5573.493, 4597.967, 142.1219, 6.113169, 7200, 0, 0), -- 78495 (Area: 7103)
(@CGUID+32, 88635, 1153, 3, 1, '', 5575.456, 4602.216, 142.1304, 3.295267, 7200, 0, 0), -- 88635 (Area: 7103)
-- (@CGUID+33, 78467, 1153, 3, 1, '', 5626.245, 4508.66, 125.4437, 1.521668, 7200, 10, 1), -- 78467 (Area: 7103) (possible waypoints or random movement)
(@CGUID+34, 86783, 1153, 3, 1, '', 5644.755, 4528.615, 118.9275, 0, 7200, 0, 0), -- 86783 (Area: 7103)
(@CGUID+35, 80151, 1153, 3, 1, '', 5563.898, 4586.658, 142.1216, 1.47621, 7200, 0, 0), -- 80151 (Area: 7103)
-- (@CGUID+36, 78467, 1153, 3, 1, '', 5618.936, 4509.745, 120.3219, 4.384345, 7200, 10, 1), -- 78467 (Area: 7103) (possible waypoints or random movement)
-- (@CGUID+37, 78467, 1153, 3, 1, '', 5658.584, 4554.115, 125.4416, 4.253109, 7200, 0, 0), -- 78467 (Area: 7103)
-- (@CGUID+38, 78467, 1153, 3, 1, '', 5616.31, 4506.588, 123.0205, 3.922312, 7200, 10, 1), -- 78467 (Area: 7103) (possible waypoints or random movement)
(@CGUID+39, 88608, 1153, 3, 1, '', 5555.798, 4586.889, 142.1233, 0.5698984, 7200, 0, 0), -- 88608 (Area: 7103)
-- (@CGUID+40, 78467, 1153, 3, 1, '', 5616.425, 4503.845, 125.3072, 5.248275, 7200, 10, 1), -- 78467 (Area: 7103) (Auras: 55474 - 55474) (possible waypoints or random movement)
-- (@CGUID+41, 78467, 1153, 3, 1, '', 5664.854, 4550.206, 120.3198, 0.8325992, 7200, 0, 0), -- 78467 (Area: 7103)
-- (@CGUID+42, 78467, 1153, 3, 1, '', 5669.51, 4554.616, 125.3051, 1.696529, 7200, 0, 0), -- 78467 (Area: 7103) (Auras: 55474 - 55474)
-- (@CGUID+43, 78467, 1153, 3, 1, '', 5660.602, 4554.351, 120.3198, 1.445289, 7200, 0, 0), -- 78467 (Area: 7103)
(@CGUID+44, 80772, 1153, 3, 1, '', 5628.246, 4617.647, 139.297, 2.957468, 7200, 0, 0), -- 80772 (Area: 7103) (Auras: 154726 - 154726)
-- (@CGUID+45, 78467, 1153, 3, 1, '', 5666.476, 4544.114, 120.3198, 5.709544, 7200, 0, 0), -- 78467 (Area: 7103)
(@CGUID+46, 79781, 1153, 3, 1, '', 5623.546, 4621.983, 139.2189, 3.730947, 7200, 0, 0), -- 79781 (Area: 7103) (Auras: 178343 - 178343)
(@CGUID+47, 79619, 1153, 3, 1, '', 5584.46, 4615.044, 142.7878, 2.990741, 7200, 0, 0), -- 79619 (Area: 7103)
-- (@CGUID+48, 78467, 1153, 3, 1, '', 5624.489, 4507.64, 120.3219, 4.997034, 7200, 10, 1), -- 78467 (Area: 7103) (possible waypoints or random movement)
-- (@CGUID+49, 78467, 1153, 3, 1, '', 5638.32, 4504.708, 120.3219, 3.807135, 7200, 10, 1), -- 78467 (Area: 7103) (possible waypoints or random movement)
(@CGUID+50, 79835, 1153, 3, 1, '', 5547.935, 4546.226, 132.1134, 0, 7200, 0, 0), -- 79835 (Area: 7103)
-- (@CGUID+51, 78467, 1153, 3, 1, '', 5668.521, 4552.054, 123.0184, 0.3705659, 7200, 0, 0), -- 78467 (Area: 7103)
-- (@CGUID+52, 78467, 1153, 3, 1, '', 5635.193, 4504.713, 120.4438, 1.075327, 7200, 10, 1), -- 78467 (Area: 7103) (possible waypoints or random movement)
(@CGUID+53, 92401, 1153, 3, 1, '', 5554.543, 4604.913, 141.8003, 0.9535768, 7200, 0, 0), -- 92401 (Area: 7103)
-- (@CGUID+54, 78467, 1153, 3, 1, '', 5644.609, 4504.258, 120.3219, 5.213376, 7200, 10, 1), -- 78467 (Area: 7103) (possible waypoints or random movement)
(@CGUID+55, 78466, 1153, 3, 1, '', 5578.915, 4621.382, 142.7878, 2.464004, 7200, 0, 0), -- 78466 (Area: 7103)
(@CGUID+56, 85806, 1153, 3, 1, '', 5577.297, 4622.533, 142.7878, 5.010753, 7200, 0, 0), -- 85806 (Area: 7103)
(@CGUID+57, 95471, 1153, 3, 1, '', 5550.377, 4598.148, 142.1283, 0.07087417, 7200, 0, 0), -- 95471 (Area: 7103)
-- (@CGUID+58, 78467, 1153, 3, 1, '', 5650.346, 4508.914, 125.4436, 2.350699, 7200, 10, 1), -- 78467 (Area: 7103) (possible waypoints or random movement)
-- (@CGUID+59, 78467, 1153, 3, 1, '', 5667.489, 4541.155, 120.4417, 2.977737, 7200, 0, 0), -- 78467 (Area: 7103)
(@CGUID+60, 85805, 1153, 3, 1, '', 5557.356, 4606.828, 141.7938, 5.42584, 7200, 0, 0), -- 85805 (Area: 7103)
(@CGUID+61, 79781, 1153, 3, 1, '', 5537.154, 4545.845, 132.1395, 1.134562, 7200, 0, 0), -- 79781 (Area: 7103) (Auras: 178343 - 178343)
(@CGUID+62, 92400, 1153, 3, 1, '', 5557.549, 4610.413, 141.8001, 4.862697, 7200, 0, 0), -- 92400 (Area: 7103)
(@CGUID+63, 80440, 1153, 3, 1, '', 5558.492, 4512.596, 149.0153, 0.9816361, 7200, 0, 0), -- 80440 (Area: 7103)
(@CGUID+64, 84806, 1153, 3, 1, '', 5560.466, 4618.882, 142.1332, 4.92453, 7200, 0, 0), -- 84806 (Area: 7103) (Auras: 160888 - 160888)
-- (@CGUID+65, 78467, 1153, 3, 1, '', 5645.163, 4500.189, 123.0205, 4.751343, 7200, 10, 1), -- 78467 (Area: 7103) (possible waypoints or random movement)
(@CGUID+66, 76928, 1153, 3, 1, '', 5632.268, 4627.147, 139.4809, 4.227051, 7200, 0, 0), -- 76928 (Area: 7103)
-- (@CGUID+67, 84247, 1153, 3, 1, '', 5535.124, 4523.946, 132.786, 0.0177846, 7200, 10, 1), -- 84247 (Area: 7103) (possible waypoints or random movement)
-- (@CGUID+68, 78467, 1153, 3, 1, '', 5647.263, 4498.421, 125.3072, 6.077306, 7200, 10, 1), -- 78467 (Area: 7103) (Auras: 55474 - 55474) (possible waypoints or random movement)
(@CGUID+69, 88637, 1153, 3, 1, '', 5564.398, 4619.26, 142.1329, 4.963097, 7200, 0, 0), -- 88637 (Area: 7103)
(@CGUID+70, 80438, 1153, 3, 1, '', 5548.231, 4508.189, 131.945, 0, 7200, 0, 0), -- 80438 (Area: 7103)
(@CGUID+71, 79740, 1153, 3, 1, '', 5554.951, 4609.655, 141.7938, 5.509204, 7200, 0, 0), -- 79740 (Area: 7103)
-- (@CGUID+72, 80299, 1153, 3, 1, '', 5587.651, 4480.571, 130.441, 5.861614, 7200, 0, 0), -- 80299 (Area: 7103) (Auras: 178343 - 178343)
(@CGUID+73, 92213, 1153, 3, 1, '', 5553.765, 4607.808, 141.8, 5.884418, 7200, 0, 0), -- 92213 (Area: 7103) (Auras: 182938 - 182938)
(@CGUID+74, 85941, 1153, 3, 1, '', 5567, 4618.376, 142.1334, 4.143507, 7200, 0, 0), -- 85941 (Area: 7103)
-- (@CGUID+75, 78467, 1153, 3, 1, '', 5649.913, 4506.93, 120.3219, 5.826065, 7200, 10, 1), -- 78467 (Area: 7103) (possible waypoints or random movement)
(@CGUID+76, 76872, 1153, 3, 1, '', 5626.828, 4629.681, 139.3879, 5.221313, 7200, 0, 0), -- 76872 (Area: 7103)
(@CGUID+77, 91034, 1153, 3, 1, '', 5548.912, 4603.436, 142.1296, 6.262155, 7200, 0, 0), -- 91034 (Area: 7103)
(@CGUID+78, 96304, 1153, 3, 1, '', 5660.63, 4528.588, 119.5608, 3.498221, 7200, 0, 0), -- 96304 (Area: 7103)
(@CGUID+79, 80440, 1153, 3, 1, '', 5685.596, 4556.812, 158.8408, 4.408157, 7200, 0, 0), -- 80440 (Area: 7103)
(@CGUID+80, 15785, 1153, 3, 1, '', 5509.094, 4556.588, 134.7865, 5.650906, 7200, 0, 0), -- 15785 (Area: 7103)
(@CGUID+81, 80299, 1153, 3, 1, '', 5521.478, 4559.417, 133.8726, 3.177088, 7200, 0, 0), -- 80299 (Area: 7103) (Auras: 178343 - 178343)
(@CGUID+82, 79781, 1153, 3, 1, '', 5549.775, 4495.001, 132.2591, 6.116718, 7200, 0, 0), -- 79781 (Area: 7103) (Auras: 178343 - 178343)
(@CGUID+83, 80440, 1153, 3, 1, '', 5645.558, 4620.683, 168.2088, 4.258131, 7200, 0, 0), -- 80440 (Area: 7103)
(@CGUID+84, 91026, 1153, 3, 1, '', 5613.686, 4651.44, 142.5358, 5.387916, 7200, 0, 0), -- 91026 (Area: 7103)
(@CGUID+85, 80440, 1153, 3, 1, '', 5607.643, 4533.432, 143.35, 6.127899, 7200, 0, 0), -- 80440 (Area: 7103)
(@CGUID+86, 80437, 1153, 3, 1, '', 5644.575, 4606.431, 138.7785, 0, 7200, 0, 0), -- 80437 (Area: 7103)
(@CGUID+87, 79781, 1153, 3, 1, '', 5592.297, 4643.388, 143.2112, 1.329494, 7200, 0, 0), -- 79781 (Area: 7103) (Auras: 178343 - 178343)
(@CGUID+88, 80437, 1153, 3, 1, '', 5650.851, 4559.877, 119.7427, 0, 7200, 0, 0), -- 80437 (Area: 7103)
(@CGUID+89, 80438, 1153, 3, 1, '', 5673.693, 4530.51, 121.462, 0, 7200, 0, 0), -- 80438 (Area: 7103)
(@CGUID+90, 88599, 1153, 3, 1, '', 5544.983, 4482.713, 133.4263, 2.086806, 7200, 0, 0), -- 88599 (Area: 7103)
(@CGUID+91, 79781, 1153, 3, 1, '', 5712.219, 4496.73, 130.5669, 1.556637, 7200, 0, 0), -- 79781 (Area: 7103) (Auras: 178343 - 178343)
(@CGUID+92, 79858, 1153, 3, 1, '', 5623.556, 4657.667, 142.5414, 4.215835, 7200, 10, 1), -- 79858 (Area: 7103) (possible waypoints or random movement)
-- (@CGUID+93, 79781, 1153, 3, 1, '', 5636.744, 4453.564, 132.723, 0, 7200, 0, 0), -- 79781 (Area: 7103) (Auras: 178343 - 178343)
(@CGUID+94, 93142, 1153, 3, 1, '', 5628.497, 4655.654, 142.5414, 4.19413, 7200, 0, 0), -- 93142 (Area: 7103)
(@CGUID+95, 80299, 1153, 3, 1, '', 5675.33, 4485.628, 130.0513, 0.5522885, 7200, 0, 0), -- 80299 (Area: 7103) (Auras: 178343 - 178343)
(@CGUID+96, 80440, 1153, 3, 1, '', 5688.449, 4506.62, 150.9923, 0.6713849, 7200, 0, 0), -- 80440 (Area: 7103)
-- (@CGUID+97, 79781, 1153, 3, 1, '', 5656.622, 4456.458, 132.723, 0, 7200, 0, 0), -- 79781 (Area: 7103) (Auras: 178343 - 178343)
(@CGUID+98, 94516, 1153, 3, 1, '', 5629.244, 4654.578, 142.5414, 3.794681, 7200, 0, 0), -- 94516 (Area: 7103)
(@CGUID+99, 80438, 1153, 3, 1, '', 5723.194, 4549.353, 138.3984, 0, 7200, 0, 0), -- 80438 (Area: 7103)
(@CGUID+100, 81163, 1153, 3, 1, '', 5501.469, 4646.374, 129.746, 0, 7200, 0, 0), -- 81163 (Area: 7103)
(@CGUID+101, 80440, 1153, 3, 1, '', 5591.358, 4666.671, 164.4346, 5.365212, 7200, 0, 0), -- 80440 (Area: 7103)
(@CGUID+102, 15793, 1153, 3, 1, '', 5712.598, 4492.011, 131.1597, 0.02663854, 7200, 0, 0), -- 15793 (Area: 7103)
(@CGUID+103, 81163, 1153, 3, 1, '', 5490.323, 4654.433, 129.4805, 0, 7200, 0, 0), -- 81163 (Area: 7103)
(@CGUID+104, 79971, 1153, 3, 1, '', 5483.114, 4620.301, 134.5331, 5.297134, 7200, 0, 0), -- 79971 (Area: 7103) (Auras: )
(@CGUID+105, 80440, 1153, 3, 1, '', 5768.409, 4483.163, 136.4106, 1.353056, 7200, 0, 0), -- 80440 (Area: 7103)
(@CGUID+106, 79835, 1153, 3, 1, '', 5385.417, 4439.76, 149.8782, 0, 7200, 0, 0), -- 79835 (Area: 7103)
(@CGUID+107, 79835, 1153, 3, 1, '', 5391.232, 4437.488, 149.2033, 0, 7200, 0, 0), -- 79835 (Area: 7103)
-- (@CGUID+108, 80299, 1153, 3, 1, '', 5645.503, 4447.889, 132.876, 1.971925, 7200, 0, 0), -- 80299 (Area: 7103) (Auras: 178343 - 178343)
(@CGUID+109, 62953, 1153, 3, 1, '', 5476.488, 4621.385, 141.7086, 4.703409, 7200, 10, 1), -- 62953 (Area: 7103) (possible waypoints or random movement)
(@CGUID+110, 79892, 1153, 3, 1, '', 5474.549, 4618.952, 134.5331, 5.290201, 7200, 0, 0), -- 79892 (Area: 7103)
(@CGUID+111, 80440, 1153, 3, 1, '', 5506, 4429.127, 151.7918, 0.9369797, 7200, 0, 0), -- 80440 (Area: 7103)
(@CGUID+112, 80440, 1153, 3, 1, '', 5585.793, 4407.87, 163.6148, 1.023203, 7200, 0, 0), -- 80440 (Area: 7103)
(@CGUID+113, 79916, 1153, 3, 1, '', 5409.917, 4546.788, 139.1232, 0, 7200, 0, 0), -- 79916 (Area: 7103)
(@CGUID+114, 79835, 1153, 3, 1, '', 5386.749, 4437.543, 149.748, 0, 7200, 0, 0), -- 79835 (Area: 7103) (Auras: )
(@CGUID+115, 80442, 1153, 3, 1, '', 5682.005, 4438.889, 130.819, 6.140966, 7200, 10, 1), -- 80442 (Area: 7103) (possible waypoints or random movement)
(@CGUID+116, 44880, 1153, 3, 1, '', 5477.952, 4626.721, 139.3494, 6.187035, 7200, 0, 0), -- 44880 (Area: 7103)
(@CGUID+117, 87664, 1153, 3, 1, '', 5485.869, 4640.005, 135.5584, 0, 7200, 0, 0), -- 87664 (Area: 7103) (Auras: 154848 - 154848)
(@CGUID+118, 88779, 1153, 3, 1, '', 5734.274, 4504.578, 131.9972, 2.898866, 7200, 0, 0), -- 88779 (Area: 7103) (Auras: 97097 - 97097)
(@CGUID+119, 79603, 1153, 3, 1, '', 5382.351, 4419.623, 151.357, 5.886558, 7200, 0, 0), -- 79603 (Area: 7103)
(@CGUID+120, 80442, 1153, 3, 1, '', 5677.115, 4434.047, 130.6087, 5.770982, 7200, 10, 1), -- 80442 (Area: 7103) (possible waypoints or random movement)
(@CGUID+121, 44880, 1153, 3, 1, '', 5482.346, 4621.12, 137.1651, 5.295735, 7200, 0, 0), -- 44880 (Area: 7103)
-- (@CGUID+122, 80299, 1153, 3, 1, '', 5652.906, 4447.649, 132.876, 1.971925, 7200, 0, 0), -- 80299 (Area: 7103) (Auras: 178343 - 178343)
(@CGUID+123, 80440, 1153, 3, 1, '', 5608.24, 4482.21, 151.3085, 0.9702301, 7200, 0, 0), -- 80440 (Area: 7103)
(@CGUID+124, 80437, 1153, 3, 1, '', 5550.087, 4487.074, 132.7252, 4.902894, 7200, 0, 0), -- 80437 (Area: 7103)
(@CGUID+125, 15790, 1153, 3, 1, '', 5510.844, 4554.207, 134.7135, 1.804645, 7200, 0, 0), -- 15790 (Area: 7103)
(@CGUID+126, 96305, 1153, 3, 1, '', 5660.233, 4532.577, 119.3857, 3.333856, 7200, 0, 0), -- 96305 (Area: 7103)
(@CGUID+127, 15795, 1153, 3, 1, '', 5468.983, 4504.588, 139.6302, 0.3511176, 7200, 0, 0), -- 15795 (Area: 7103)
-- (@CGUID+128, 80572, 1153, 3, 1, '', 5644.969, 4451.923, 133.1755, 1.468663, 7200, 0, 0), -- 80572 (Area: 7103)
(@CGUID+129, 80438, 1153, 3, 1, '', 5711.081, 4490.595, 131.2499, 0, 7200, 0, 0), -- 80438 (Area: 7103)
-- (@CGUID+130, 80569, 1153, 3, 1, '', 5634.973, 4453.696, 132.8064, 2.792553, 7200, 0, 0), -- 80569 (Area: 7103)
(@CGUID+131, 80437, 1153, 3, 1, '', 5499.963, 4570.874, 136.3255, 0, 7200, 0, 0), -- 80437 (Area: 7103)
-- (@CGUID+132, 80571, 1153, 3, 1, '', 5654.32, 4461.497, 132.8064, 5.916286, 7200, 0, 0), -- 80571 (Area: 7103)
(@CGUID+133, 80442, 1153, 3, 1, '', 5687.025, 4435.972, 132.8457, 4.909019, 7200, 10, 1), -- 80442 (Area: 7103) (possible waypoints or random movement)
-- (@CGUID+134, 80569, 1153, 3, 1, '', 5657.484, 4459.538, 132.8064, 0.9442797, 7200, 0, 0), -- 80569 (Area: 7103)
(@CGUID+135, 80443, 1153, 3, 1, '', 5692.768, 4443.329, 130.5591, 5.304828, 7200, 0, 0), -- 80443 (Area: 7103)
(@CGUID+136, 80441, 1153, 3, 1, '', 5689.238, 4440.544, 131.0459, 5.221817, 7200, 10, 1), -- 80441 (Area: 7103) (possible waypoints or random movement)
(@CGUID+137, 80438, 1153, 3, 1, '', 5727.076, 4596.883, 142.7635, 0, 7200, 0, 0), -- 80438 (Area: 7103)
(@CGUID+138, 15791, 1153, 3, 1, '', 5715.432, 4491.135, 131.5295, 2.423134, 7200, 0, 0), -- 15791 (Area: 7103)
(@CGUID+139, 15786, 1153, 3, 1, '', 5536.27, 4480.408, 134.158, 2.559203, 7200, 0, 0), -- 15786 (Area: 7103)
(@CGUID+140, 80438, 1153, 3, 1, '', 5680.372, 4633.14, 144.8685, 0, 7200, 0, 0), -- 80438 (Area: 7103)
-- (@CGUID+141, 80571, 1153, 3, 1, '', 5631.835, 4451.102, 132.8064, 0.274045, 7200, 0, 0), -- 80571 (Area: 7103)
-- (@CGUID+142, 80569, 1153, 3, 1, '', 5632.629, 4454.347, 132.8064, 6.144591, 7200, 0, 0), -- 80569 (Area: 7103)
(@CGUID+143, 80438, 1153, 3, 1, '', 5473.108, 4491.108, 140.1692, 0, 7200, 0, 0), -- 80438 (Area: 7103)
(@CGUID+144, 80438, 1153, 3, 1, '', 5554.305, 4462.393, 130.4551, 0, 7200, 0, 0), -- 80438 (Area: 7103)
(@CGUID+145, 22999, 1153, 3, 1, '', 5471.931, 4504.793, 139.326, 2.948176, 7200, 0, 0), -- 22999 (Area: 7103)
-- (@CGUID+146, 80569, 1153, 3, 1, '', 5658.524, 4461.539, 132.8064, 4.232762, 7200, 0, 0), -- 80569 (Area: 7103)
(@CGUID+147, 15790, 1153, 3, 1, '', 5533.437, 4481.266, 134.3663, 0.1857704, 7200, 0, 0), -- 15790 (Area: 7103)
-- (@CGUID+148, 80572, 1153, 3, 1, '', 5656.057, 4463.096, 132.8064, 2.162792, 7200, 0, 0), -- 80572 (Area: 7103)
(@CGUID+149, 15788, 1153, 3, 1, '', 5713.308, 4506.998, 130.0788, 3.018496, 7200, 10, 1), -- 15788 (Area: 7103) (possible waypoints or random movement)
-- (@CGUID+150, 80571, 1153, 3, 1, '', 5661.098, 4458.251, 132.8064, 2.931112, 7200, 0, 0), -- 80571 (Area: 7103)
-- (@CGUID+151, 79812, 1153, 3, 1, '', 5650.359, 4443.803, 132.876, 1.893682, 7200, 0, 0), -- 79812 (Area: 7103)
(@CGUID+152, 44880, 1153, 3, 1, '', 5459.201, 4593.48, 139.119, 0.02737836, 7200, 0, 0), -- 44880 (Area: 7103)
(@CGUID+153, 80440, 1153, 3, 1, '', 5588.162, 4346.197, 171.8945, 5.535933, 7200, 0, 0), -- 80440 (Area: 7103)
(@CGUID+154, 87956, 1153, 3, 1, '', 5549.813, 4544.576, 132.1134, 0, 7200, 0, 0), -- 87956 (Area: 7103)
(@CGUID+155, 79599, 1153, 3, 1, '', 5559.178, 4495.943, 131.4248, 0, 7200, 0, 0), -- 79599 (Area: 7103)
(@CGUID+156, 89133, 1153, 3, 1, '', 5478.226, 4613.522, 134.4498, 0, 7200, 0, 0), -- 89133 (Area: 7103)
(@CGUID+157, 87831, 1153, 3, 1, '', 5677.898, 4505.01, 127.9617, 0, 7200, 0, 0), -- 87831 (Area: 7103)
(@CGUID+158, 80444, 1153, 3, 1, '', 5707.127, 4444.596, 130.646, 4.426978, 7200, 0, 0), -- 80444 (Area: 7103) (Auras: )
(@CGUID+159, 80438, 1153, 3, 1, '', 5511.382, 4441.555, 144.1647, 0, 7200, 0, 0), -- 80438 (Area: 7103)
(@CGUID+160, 80444, 1153, 3, 1, '', 5689.96, 4429.587, 135.0462, 5.429024, 7200, 0, 0), -- 80444 (Area: 7103) (Auras: )
(@CGUID+161, 82862, 1153, 3, 1, '', 5493.665, 4472.199, 140.2385, 4.482595, 7200, 0, 0), -- 82862 (Area: 7103)
(@CGUID+162, 80444, 1153, 3, 1, '', 5696.179, 4436.377, 132.7743, 5.320617, 7200, 0, 0), -- 80444 (Area: 7103) (Auras: )
(@CGUID+163, 80442, 1153, 3, 1, '', 5703.851, 4440.544, 131.6321, 5.709179, 7200, 0, 0), -- 80442 (Area: 7103)
(@CGUID+164, 80444, 1153, 3, 1, '', 5710.931, 4434.693, 143.9365, 2.528622, 7200, 0, 0), -- 80444 (Area: 7103)
(@CGUID+165, 80444, 1153, 3, 1, '', 5699.54, 4421.02, 155.3291, 5.429024, 7200, 0, 0), -- 80444 (Area: 7103) (Auras: )
(@CGUID+166, 80444, 1153, 3, 1, '', 5704.795, 4438.164, 135.8119, 4.508671, 7200, 0, 0), -- 80444 (Area: 7103) (Auras: )
(@CGUID+167, 80442, 1153, 3, 1, '', 5715.41, 4431.612, 145.7625, 4.013574, 7200, 0, 0), -- 80442 (Area: 7103)
(@CGUID+168, 87935, 1153, 3, 1, '', 5564.895, 4394.655, 136.5165, 1.690665, 7200, 0, 0), -- 87935 (Area: 7103)
(@CGUID+169, 84967, 1153, 3, 1, '', 5575.351, 4387.741, 136.5327, 0.2509065, 7200, 0, 0), -- 84967 (Area: 7103)
(@CGUID+170, 88915, 1153, 3, 1, '', 5749.229, 4500.31, 132.6881, 2.396491, 7200, 0, 0), -- 88915 (Area: 7103)
(@CGUID+171, 80444, 1153, 3, 1, '', 5705.882, 4429.853, 149.8802, 5.87565, 7200, 0, 0), -- 80444 (Area: 7103) (Auras: )
(@CGUID+172, 88288, 1153, 3, 1, '', 5615.49, 4380.234, 136.1215, 2.832646, 7200, 0, 0), -- 88288 (Area: 7103)
(@CGUID+173, 80444, 1153, 3, 1, '', 5686.532, 4421.518, 134.7439, 4.860285, 7200, 0, 0), -- 80444 (Area: 7103) (Auras: )
(@CGUID+174, 80444, 1153, 3, 1, '', 5692.66, 4419.202, 147.3203, 6.212942, 7200, 0, 0), -- 80444 (Area: 7103) (Auras: )
(@CGUID+175, 88892, 1153, 3, 1, '', 5747.283, 4501.65, 132.6219, 3.155393, 7200, 0, 0), -- 88892 (Area: 7103)
(@CGUID+176, 80444, 1153, 3, 1, '', 5695.862, 4427.782, 141.9277, 6.016322, 7200, 0, 0), -- 80444 (Area: 7103)
(@CGUID+177, 80444, 1153, 3, 1, '', 5678.718, 4416.913, 133.8924, 5.429024, 7200, 0, 0), -- 80444 (Area: 7103) (Auras: )
(@CGUID+178, 80444, 1153, 3, 1, '', 5707.785, 4422.372, 160.522, 0.04880403, 7200, 0, 0), -- 80444 (Area: 7103) (Auras: )
(@CGUID+179, 81688, 1153, 3, 1, '', 5467.965, 4449.892, 144.7547, 6.113389, 7200, 0, 0), -- 81688 (Area: 7103)
(@CGUID+180, 85783, 1153, 3, 1, '', 5410.738, 4568.479, 138.408, 5.975591, 7200, 0, 0), -- 85783 (Area: 7103)

-- (@CGUID+179, 86746, 1153, 3, 1, '', 5670.544, 4529.215, 121.1003, 0, 7200, 0, 0), -- 86746 (Area: 7103)
-- (@CGUID+180, 79830, 1153, 3, 1, '', 5662.431, 4552.259, 120.1583, 0, 7200, 0, 0), -- 79830 (Area: 7103)
-- (@CGUID+181, 79832, 1153, 3, 1, '', 5665.6, 4553.631, 120.1514, 0, 7200, 0, 0), -- 79832 (Area: 7103)
-- (@CGUID+182, 80438, 1153, 3, 1, '', 5805.443, 4506.571, 127.7303, 0, 7200, 0, 0), -- 80438 (Area: 7103)
-- (@CGUID+183, 15793, 1153, 3, 1, '', 5580.179, 4379.588, 137.3559, 1.81784, 7200, 0, 0), -- 15793 (Area: 7103)
-- (@CGUID+184, 87761, 1153, 3, 1, '', 5609.973, 4373.01, 136.281, 2.003761, 7200, 0, 0), -- 87761 (Area: 7103) (Auras: )
-- (@CGUID+185, 15793, 1153, 3, 1, '', 5578.787, 4382.2, 136.9133, 5.345566, 7200, 0, 0), -- 15793 (Area: 7103)
-- (@CGUID+186, 88289, 1153, 3, 1, '', 5613.827, 4375.875, 136.3552, 2.58403, 7200, 0, 0); -- 88289 (Area: 7103) (Auras: 167347 - 167347)
-- (@CGUID+187, 80436, 1153, 3, 1, '', 5489.08, 4638.36, 135.4493, 4.007895, 7200, 0, 0), -- 80436 (Area: 7103)
-- (@CGUID+188, 81163, 1153, 3, 1, '', 5462.561, 4653.564, 130.1508, 0, 7200, 0, 0), -- 81163 (Area: 7103)
-- (@CGUID+189, 81163, 1153, 3, 1, '', 5477.114, 4653.442, 129.4497, 0, 7200, 0, 0), -- 81163 (Area: 7103)
-- (@CGUID+190, 86708, 1153, 3, 1, '', 5619.998, 4540.533, 119.2701, 2.524481, 7200, 0, 0), -- 86708 (Area: 7103)
-- (@CGUID+191, 79831, 1153, 3, 1, '', 5645.152, 4511.569, 120.0665, 5.382784, 7200, 0, 0), -- 79831 (Area: 7103)
-- (@CGUID+192, 79829, 1153, 3, 1, '', 5642.36, 4507.161, 120.0843, 4.8245, 7200, 0, 0), -- 79829 (Area: 7103)
-- (@CGUID+193, 86855, 1153, 3, 1, '', 5672.935, 4528.483, 121.1003, 0, 7200, 0, 0), -- 86855 (Area: 7103)
-- (@CGUID+194, 79837, 1153, 3, 1, '', 5499.07, 4451.954, 91.33158, 0.8672019, 7200, 0, 0), -- 79837 (Area: 7103)
-- (@CGUID+195, 79863, 1153, 3, 1, '', 5616.094, 4510.583, 120.0328, 0.802851, 7200, 0, 0), -- 79863 (Area: 7103)
-- (@CGUID+196, 79864, 1153, 3, 1, '', 5621.282, 4510.551, 120.1197, 2.909304, 7200, 0, 0), -- 79864 (Area: 7103)
-- (@CGUID+197, 79837, 1153, 3, 1, '', 5501.839, 4437.517, 97.17159, 5.437398, 7200, 10, 1), -- 79837 (Area: 7103) (possible waypoints or random movement)
-- (@CGUID+198, 79837, 1153, 3, 1, '', 5484.596, 4453.021, 88.98479, 3.728293, 7200, 0, 0), -- 79837 (Area: 7103)
-- (@CGUID+199, 80436, 1153, 3, 1, '', 5450.508, 4576.053, 135.3738, 2.966484, 7200, 0, 0), -- 80436 (Area: 7103)
-- (@CGUID+200, 83007, 1153, 3, 1, '', 5448.064, 4632.376, 135.2158, 2.742907, 7200, 0, 0), -- 83007 (Area: 7103)
-- (@CGUID+201, 81163, 1153, 3, 1, '', 5443.661, 4650.204, 129.2554, 0, 7200, 0, 0), -- 81163 (Area: 7103)
-- (@CGUID+202, 86708, 1153, 3, 1, '', 5619.998, 4540.533, 119.2701, 0, 7200, 0, 0), -- 86708 (Area: 7103)
-- (@CGUID+203, 79831, 1153, 3, 1, '', 5619.343, 4507.874, 120.0788, 0, 7200, 0, 0), -- 79831 (Area: 7103)
-- (@CGUID+204, 79829, 1153, 3, 1, '', 5615.101, 4513.191, 120.0843, 0, 7200, 0, 0), -- 79829 (Area: 7103)
-- (@CGUID+205, 79864, 1153, 3, 1, '', 5645.6, 4506.533, 120.1197, 1.631882, 7200, 0, 0), -- 79864 (Area: 7103)
-- (@CGUID+206, 86855, 1153, 3, 1, '', 5672.935, 4528.483, 121.1003, 0, 7200, 0, 0), -- 86855 (Area: 7103)
-- (@CGUID+207, 79863, 1153, 3, 1, '', 5642.071, 4502.729, 120.0328, 1.631882, 7200, 0, 0), -- 79863 (Area: 7103)
-- (@CGUID+208, 81163, 1153, 3, 1, '', 5427.44, 4632.02, 129.0832, 0, 7200, 0, 0), -- 81163 (Area: 7103)
-- (@CGUID+209, 86855, 1153, 3, 1, '', 5478.226, 4613.522, 134.4498, 0, 7200, 0, 0), -- 86855 (Area: 7103)
-- (@CGUID+210, 79863, 1153, 3, 1, '', 5659.717, 4544.224, 119.9474, 6.047812, 7200, 0, 0), -- 79863 (Area: 7103)
-- (@CGUID+211, 79830, 1153, 3, 1, '', 5644.042, 4503.426, 120.2473, 2.050758, 7200, 0, 0), -- 79830 (Area: 7103)
-- (@CGUID+212, 79864, 1153, 3, 1, '', 5657.994, 4547.792, 119.9115, 1.209424, 7200, 0, 0), -- 79864 (Area: 7103)
-- (@CGUID+213, 79832, 1153, 3, 1, '', 5647.604, 4502.438, 120.1535, 5.819909, 7200, 0, 0), -- 79832 (Area: 7103)
-- (@CGUID+214, 86746, 1153, 3, 1, '', 5680.132, 4506.133, 127.9617, 3.607249, 7200, 0, 0), -- 86746 (Area: 7103)
-- (@CGUID+215, 86708, 1153, 3, 1, '', 5619.998, 4540.533, 119.2701, 0, 7200, 0, 0), -- 86708 (Area: 7103)
-- (@CGUID+216, 79831, 1153, 3, 1, '', 5657.765, 4548.339, 120.0644, 1.002006, 7200, 0, 0), -- 79831 (Area: 7103)
-- (@CGUID+217, 79829, 1153, 3, 1, '', 5665.226, 4552.084, 120.0767, 0.8177042, 7200, 0, 0), -- 79829 (Area: 7103)
-- (@CGUID+218, 79864, 1153, 3, 1, '', 5622.328, 4515.384, 119.9407, 0.7981238, 7200, 0, 0), -- 79864 (Area: 7103)
-- -- (@CGUID+219, 86855, 1153, 3, 1, '', 5670.544, 4529.215, 121.1003, 5.986151, 7200, 0, 0), -- 86855 (Area: 7103)
-- (@CGUID+220, 79863, 1153, 3, 1, '', 5614.619, 4510.462, 119.9495, 4.16017, 7200, 0, 0), -- 79863 (Area: 7103)
(@CGUID+221, 81981, 1153, 3, 1, '', 5424.563, 4580.4, 136.5065, 5.659734, 7200, 0, 0); -- 81981 (Area: 7103)
-- (@CGUID+222, 80436, 1153, 3, 1, '', 5446.557, 4508.484, 139.1187, 1.162328, 7200, 0, 0), -- 80436 (Area: 7103)
-- (@CGUID+223, 86708, 1153, 3, 1, '', 5619.998, 4540.533, 119.2701, 0, 7200, 0, 0), -- 86708 (Area: 7103)
-- (@CGUID+224, 79829, 1153, 3, 1, '', 5640.875, 4506.52, 120.0849, 4.764617, 7200, 0, 0), -- 79829 (Area: 7103)
-- (@CGUID+225, 79832, 1153, 3, 1, '', 5665.825, 4549.941, 120.2452, 3.953173, 7200, 0, 0), -- 79832 (Area: 7103)
-- (@CGUID+226, 86746, 1153, 3, 1, '', 5672.935, 4528.483, 121.1003, 2.844486, 7200, 0, 0), -- 86746 (Area: 7103)
-- (@CGUID+227, 79830, 1153, 3, 1, '', 5660.476, 4547.093, 120.1156, 3.513535, 7200, 0, 0), -- 79830 (Area: 7103)
-- (@CGUID+228, 79831, 1153, 3, 1, '', 5642.36, 4507.161, 120.0843, 4.8245, 7200, 0, 0); -- 79831 (Area: 7103)

INSERT IGNORE INTO `creature_addon` (`guid`, `mount`, `bytes1`, `bytes2`, `auras`) VALUES
(@CGUID+0, 0, 0x0, 0x1, ''), -- 96362
(@CGUID+1, 0, 0x0, 0x1, ''), -- 78320
(@CGUID+2, 0, 0x1, 0x1, ''), -- 94870
(@CGUID+3, 0, 0x0, 0x1, ''), -- 91072
(@CGUID+4, 0, 0x0, 0x1, ''), -- 96735
(@CGUID+5, 0, 0x3000000, 0x1, ''), -- 86470
(@CGUID+6, 0, 0x0, 0x1, ''), -- 80437
(@CGUID+7, 0, 0x1, 0x100, ''), -- 78487
(@CGUID+8, 0, 0x0, 0x0, '178343'), -- 79774 - 178343 - 178343
(@CGUID+9, 0, 0x0, 0x1, ''), -- 80026
(@CGUID+10, 0, 0x3000000, 0x1, ''), -- 80440
(@CGUID+11, 0, 0x0, 0x0, '178343'), -- 80299 - 178343 - 178343
(@CGUID+12, 0, 0x0, 0x1, ''), -- 80438
(@CGUID+13, 0, 0x0, 0x1, '162907'), -- 79925 - 162907 - 162907
(@CGUID+14, 0, 0x0, 0x1, '162907'), -- 79605 - 162907 - 162907
(@CGUID+15, 0, 0x0, 0x0, '178343'), -- 79781 - 178343 - 178343
(@CGUID+16, 0, 0x0, 0x1, ''), -- 83858
(@CGUID+17, 0, 0x0, 0x101, ''), -- 79407
(@CGUID+18, 0, 0x0, 0x1, ''), -- 80437
(@CGUID+19, 0, 0x0, 0x1, ''), -- 78467
(@CGUID+20, 0, 0x0, 0x1, '162907'), -- 80288 - 162907 - 162907
(@CGUID+21, 0, 0x0, 0x1, ''), -- 78467
(@CGUID+22, 0, 0x0, 0x101, ''), -- 83482
(@CGUID+23, 0, 0x0, 0x0, '178343'), -- 79781 - 178343 - 178343
(@CGUID+24, 0, 0x0, 0x1, ''), -- 89262
(@CGUID+25, 0, 0x0, 0x0, '178343'), -- 79781 - 178343 - 178343
(@CGUID+26, 0, 0x0, 0x1, ''), -- 81166
(@CGUID+27, 0, 0x0, 0x1, ''), -- 89263
(@CGUID+28, 0, 0x0, 0x1, ''), -- 80437
(@CGUID+29, 0, 0x0, 0x1, ''), -- 79925
(@CGUID+30, 0, 0x0, 0x1, ''), -- 78985
(@CGUID+31, 0, 0x1, 0x101, ''), -- 78495
(@CGUID+32, 0, 0x0, 0x1, ''), -- 88635
(@CGUID+33, 0, 0x8, 0x1, ''), -- 78467
(@CGUID+34, 0, 0x0, 0x1, ''), -- 86783
(@CGUID+35, 0, 0x0, 0x101, ''), -- 80151
(@CGUID+36, 0, 0x0, 0x1, ''), -- 78467
(@CGUID+37, 0, 0x8, 0x1, ''), -- 78467
(@CGUID+38, 0, 0x0, 0x1, ''), -- 78467
(@CGUID+39, 0, 0x0, 0x1, ''), -- 88608
(@CGUID+40, 0, 0x3000003, 0x1, '55474'), -- 78467 - 55474 - 55474
(@CGUID+41, 0, 0x0, 0x1, ''), -- 78467
(@CGUID+42, 0, 0x3000003, 0x1, '55474'), -- 78467 - 55474 - 55474
(@CGUID+43, 0, 0x0, 0x1, ''), -- 78467
(@CGUID+44, 0, 0x0, 0x101, '154726'), -- 80772 - 154726 - 154726
(@CGUID+45, 0, 0x0, 0x1, ''), -- 78467
(@CGUID+46, 0, 0x0, 0x0, '178343'), -- 79781 - 178343 - 178343
(@CGUID+47, 0, 0x0, 0x1, ''), -- 79619
(@CGUID+48, 0, 0x0, 0x1, ''), -- 78467
(@CGUID+49, 0, 0x0, 0x1, ''), -- 78467
(@CGUID+50, 0, 0x0, 0x1, ''), -- 79835
(@CGUID+51, 0, 0x0, 0x1, ''), -- 78467
(@CGUID+52, 0, 0x0, 0x1, ''), -- 78467
(@CGUID+53, 0, 0x0, 0x100, ''), -- 92401
(@CGUID+54, 0, 0x0, 0x1, ''), -- 78467
(@CGUID+55, 0, 0x0, 0x1, ''), -- 78466
(@CGUID+56, 0, 0x0, 0x1, ''), -- 85806
(@CGUID+57, 0, 0x0, 0x101, ''), -- 95471
(@CGUID+58, 0, 0x8, 0x1, ''), -- 78467
(@CGUID+59, 0, 0x0, 0x1, ''), -- 78467
(@CGUID+60, 0, 0x0, 0x1, ''), -- 85805
(@CGUID+61, 0, 0x0, 0x0, '178343'), -- 79781 - 178343 - 178343
(@CGUID+62, 0, 0x0, 0x100, ''), -- 92400
(@CGUID+63, 0, 0x3000000, 0x1, ''), -- 80440
(@CGUID+64, 0, 0x0, 0x1, '160888'), -- 84806 - 160888 - 160888
(@CGUID+65, 0, 0x0, 0x1, ''), -- 78467
(@CGUID+66, 0, 0x0, 0x101, ''), -- 76928
(@CGUID+67, 0, 0x0, 0x1, ''), -- 84247
(@CGUID+68, 0, 0x3000003, 0x1, '55474'), -- 78467 - 55474 - 55474
(@CGUID+69, 0, 0x0, 0x1, ''), -- 88637
(@CGUID+70, 0, 0x0, 0x1, ''), -- 80438
(@CGUID+71, 0, 0x0, 0x101, ''), -- 79740
(@CGUID+72, 0, 0x0, 0x0, '178343'), -- 80299 - 178343 - 178343
(@CGUID+73, 0, 0x0, 0x0, '182938'), -- 92213 - 182938 - 182938
(@CGUID+74, 0, 0x0, 0x1, ''), -- 85941
(@CGUID+75, 0, 0x0, 0x1, ''), -- 78467
(@CGUID+76, 0, 0x0, 0x101, ''), -- 76872
(@CGUID+77, 0, 0x0, 0x1, ''), -- 91034
(@CGUID+78, 0, 0x0, 0x101, ''), -- 96304
(@CGUID+79, 0, 0x3000000, 0x1, ''), -- 80440
(@CGUID+80, 0, 0x0, 0x101, ''), -- 15785
(@CGUID+81, 0, 0x0, 0x0, '178343'), -- 80299 - 178343 - 178343
(@CGUID+82, 0, 0x0, 0x0, '178343'), -- 79781 - 178343 - 178343
(@CGUID+83, 0, 0x3000000, 0x1, ''), -- 80440
(@CGUID+84, 0, 0x0, 0x1, ''), -- 91026
(@CGUID+85, 0, 0x3000000, 0x1, ''), -- 80440
(@CGUID+86, 0, 0x0, 0x1, ''), -- 80437
(@CGUID+87, 0, 0x0, 0x0, '178343'), -- 79781 - 178343 - 178343
(@CGUID+88, 0, 0x0, 0x1, ''), -- 80437
(@CGUID+89, 0, 0x0, 0x1, ''), -- 80438
(@CGUID+90, 0, 0x0, 0x1, ''), -- 88599
(@CGUID+91, 0, 0x0, 0x0, '178343'), -- 79781 - 178343 - 178343
(@CGUID+92, 0, 0x0, 0x101, ''), -- 79858
(@CGUID+93, 0, 0x0, 0x0, '178343'), -- 79781 - 178343 - 178343
(@CGUID+94, 0, 0x0, 0x1, ''), -- 93142
(@CGUID+95, 0, 0x0, 0x0, '178343'), -- 80299 - 178343 - 178343
(@CGUID+96, 0, 0x3000000, 0x1, ''), -- 80440
(@CGUID+97, 0, 0x0, 0x0, '178343'), -- 79781 - 178343 - 178343
(@CGUID+98, 0, 0x0, 0x101, ''), -- 94516
(@CGUID+99, 0, 0x0, 0x1, ''), -- 80438
(@CGUID+100, 0, 0x0, 0x1, ''), -- 81163
(@CGUID+101, 0, 0x3000000, 0x1, ''), -- 80440
(@CGUID+102, 0, 0x0, 0x101, ''), -- 15793
(@CGUID+103, 0, 0x0, 0x1, ''), -- 81163
(@CGUID+104, 0, 0x0, 0x1, ''), -- 79971
(@CGUID+105, 0, 0x3000000, 0x1, ''), -- 80440
(@CGUID+106, 0, 0x0, 0x1, ''), -- 79835
(@CGUID+107, 0, 0x0, 0x1, ''), -- 79835
(@CGUID+108, 0, 0x0, 0x0, '178343'), -- 80299 - 178343 - 178343
(@CGUID+109, 0, 0x3000000, 0x1, ''), -- 62953
(@CGUID+110, 0, 0x0, 0x1, ''), -- 79892
(@CGUID+111, 0, 0x3000000, 0x1, ''), -- 80440
(@CGUID+112, 0, 0x3000000, 0x1, ''), -- 80440
(@CGUID+113, 0, 0x0, 0x1, ''), -- 79916
(@CGUID+114, 0, 0x0, 0x1, ''), -- 79835
(@CGUID+115, 0, 0x0, 0x1, ''), -- 80442
(@CGUID+116, 0, 0x3000000, 0x1, ''), -- 44880
(@CGUID+117, 0, 0x0, 0x1, '154848'), -- 87664 - 154848 - 154848
(@CGUID+118, 0, 0x0, 0x1, '97097'), -- 88779 - 97097 - 97097
(@CGUID+119, 0, 0x3000000, 0x1, ''), -- 79603
(@CGUID+120, 0, 0x0, 0x1, ''), -- 80442
(@CGUID+121, 0, 0x3000000, 0x1, ''), -- 44880
(@CGUID+122, 0, 0x0, 0x0, '178343'), -- 80299 - 178343 - 178343
(@CGUID+123, 0, 0x3000000, 0x1, ''), -- 80440
(@CGUID+124, 0, 0x0, 0x1, ''), -- 80437
(@CGUID+125, 0, 0x0, 0x101, ''), -- 15790
(@CGUID+126, 0, 0x0, 0x101, ''), -- 96305
(@CGUID+127, 0, 0x0, 0x101, ''), -- 15795
(@CGUID+128, 0, 0x1, 0x1, ''), -- 80572
(@CGUID+129, 0, 0x0, 0x1, ''), -- 80438
(@CGUID+130, 0, 0x0, 0x1, ''), -- 80569
(@CGUID+131, 0, 0x0, 0x1, ''), -- 80437
(@CGUID+132, 0, 0x0, 0x1, ''), -- 80571
(@CGUID+133, 0, 0x0, 0x1, ''), -- 80442
(@CGUID+134, 0, 0x0, 0x1, ''), -- 80569
(@CGUID+135, 0, 0x0, 0x1, ''), -- 80443
(@CGUID+136, 0, 0x8, 0x1, ''), -- 80441
(@CGUID+137, 0, 0x0, 0x1, ''), -- 80438
(@CGUID+138, 0, 0x0, 0x101, ''), -- 15791
(@CGUID+139, 0, 0x0, 0x101, ''), -- 15786
(@CGUID+140, 0, 0x0, 0x1, ''), -- 80438
(@CGUID+141, 0, 0x0, 0x1, ''), -- 80571
(@CGUID+142, 0, 0x0, 0x1, ''), -- 80569
(@CGUID+143, 0, 0x0, 0x1, ''), -- 80438
(@CGUID+144, 0, 0x0, 0x1, ''), -- 80438
(@CGUID+145, 0, 0x0, 0x101, ''), -- 22999
(@CGUID+146, 0, 0x0, 0x1, ''), -- 80569
(@CGUID+147, 0, 0x0, 0x101, ''), -- 15790
(@CGUID+148, 0, 0x3, 0x1, ''), -- 80572
(@CGUID+149, 0, 0x0, 0x101, ''), -- 15788
(@CGUID+150, 0, 0x0, 0x1, ''), -- 80571
(@CGUID+151, 0, 0x0, 0x101, ''), -- 79812
(@CGUID+152, 0, 0x3000000, 0x1, ''), -- 44880
(@CGUID+153, 0, 0x3000000, 0x1, ''), -- 80440
(@CGUID+154, 0, 0x0, 0x1, ''), -- 87956
(@CGUID+155, 0, 0x0, 0x1, ''), -- 79599
(@CGUID+156, 0, 0x0, 0x1, ''), -- 89133
(@CGUID+157, 0, 0x0, 0x1, ''), -- 87831
(@CGUID+158, 0, 0x0, 0x1, ''), -- 80444
(@CGUID+159, 0, 0x0, 0x1, ''), -- 80438
(@CGUID+160, 0, 0x0, 0x1, ''), -- 80444
(@CGUID+161, 0, 0x0, 0x0, ''), -- 82862
(@CGUID+162, 0, 0x0, 0x1, ''), -- 80444
(@CGUID+163, 0, 0x0, 0x1, ''), -- 80442
(@CGUID+164, 0, 0x0, 0x1, ''), -- 80444
(@CGUID+165, 0, 0x0, 0x1, ''), -- 80444
(@CGUID+166, 0, 0x0, 0x1, ''), -- 80444
(@CGUID+167, 0, 0x0, 0x1, ''), -- 80442
(@CGUID+168, 0, 0x1, 0x1, ''), -- 87935
(@CGUID+169, 0, 0x0, 0x100, ''), -- 84967
(@CGUID+170, 0, 0x0, 0x1, ''), -- 88915
(@CGUID+171, 0, 0x0, 0x1, ''), -- 80444
(@CGUID+172, 0, 0x0, 0x1, ''), -- 88288
(@CGUID+173, 0, 0x0, 0x1, ''), -- 80444
(@CGUID+174, 0, 0x0, 0x1, ''), -- 80444
(@CGUID+175, 0, 0x0, 0x1, ''), -- 88892
(@CGUID+176, 0, 0x0, 0x1, ''), -- 80444
(@CGUID+177, 0, 0x0, 0x1, ''), -- 80444
(@CGUID+178, 0, 0x0, 0x1, ''), -- 80444
(@CGUID+179, 0, 0x0, 0x101, ''), -- 86746
(@CGUID+180, 0, 0x0, 0x101, ''), -- 79830
(@CGUID+181, 0, 0x0, 0x101, ''), -- 79832
(@CGUID+182, 0, 0x0, 0x1, ''), -- 80438
(@CGUID+183, 0, 0x0, 0x101, ''), -- 15793
(@CGUID+184, 0, 0x0, 0x1, ''), -- 87761
(@CGUID+185, 0, 0x0, 0x101, ''), -- 15793
(@CGUID+186, 0, 0x0, 0x1, '167347'), -- 88289 - 167347 - 167347
(@CGUID+187, 0, 0x0, 0x1, ''), -- 80436
(@CGUID+188, 0, 0x0, 0x1, ''), -- 81163
(@CGUID+189, 0, 0x0, 0x1, ''), -- 81163
(@CGUID+190, 0, 0x0, 0x101, ''), -- 86708
(@CGUID+191, 0, 0x0, 0x101, ''), -- 79831
(@CGUID+192, 0, 0x0, 0x101, ''), -- 79829
(@CGUID+193, 0, 0x0, 0x101, ''), -- 86855
(@CGUID+194, 0, 0x0, 0x101, ''), -- 79837
(@CGUID+195, 0, 0x0, 0x101, ''), -- 79863
(@CGUID+196, 0, 0x0, 0x101, ''), -- 79864
(@CGUID+197, 0, 0x0, 0x101, ''), -- 79837
(@CGUID+198, 0, 0x0, 0x101, ''), -- 79837
(@CGUID+199, 0, 0x0, 0x1, ''), -- 80436
(@CGUID+200, 0, 0x1, 0x1, ''), -- 83007
(@CGUID+201, 0, 0x0, 0x1, ''), -- 81163
(@CGUID+202, 0, 0x0, 0x101, ''), -- 86708
(@CGUID+203, 0, 0x0, 0x101, ''), -- 79831
(@CGUID+204, 0, 0x0, 0x101, ''), -- 79829
(@CGUID+205, 0, 0x0, 0x101, ''), -- 79864
(@CGUID+206, 0, 0x0, 0x101, ''), -- 86855
(@CGUID+207, 0, 0x0, 0x101, ''), -- 79863
(@CGUID+208, 0, 0x0, 0x1, ''), -- 81163
(@CGUID+209, 0, 0x0, 0x101, ''), -- 86855
(@CGUID+210, 0, 0x8, 0x101, ''), -- 79863
(@CGUID+211, 0, 0x6, 0x101, ''), -- 79830
(@CGUID+212, 0, 0x0, 0x101, ''), -- 79864
(@CGUID+213, 0, 0x0, 0x101, ''), -- 79832
(@CGUID+214, 0, 0x0, 0x100, ''), -- 86746
(@CGUID+215, 0, 0x0, 0x101, ''), -- 86708
(@CGUID+216, 0, 0x0, 0x101, ''), -- 79831
(@CGUID+217, 0, 0x0, 0x101, ''), -- 79829
(@CGUID+218, 0, 0x0, 0x101, ''), -- 79864
(@CGUID+219, 0, 0x0, 0x100, ''), -- 86855
(@CGUID+220, 0, 0x0, 0x101, ''), -- 79863
(@CGUID+221, 0, 0x0, 0x1, ''), -- 81981
(@CGUID+222, 0, 0x0, 0x1, ''), -- 80436
(@CGUID+223, 0, 0x0, 0x101, ''), -- 86708
(@CGUID+224, 0, 0x0, 0x101, ''), -- 79829
(@CGUID+225, 0, 0x6, 0x101, ''), -- 79832
(@CGUID+226, 0, 0x0, 0x101, ''), -- 86746
(@CGUID+227, 0, 0x0, 0x101, ''), -- 79830
(@CGUID+228, 0, 0x0, 0x101, ''); -- 79831

INSERT INTO `gameobject` (`guid`, `id`, `map`, `spawnMask`, `phaseMask`, `phaseId`, `position_x`, `position_y`, `position_z`, `orientation`, `rotation0`, `rotation1`, `rotation2`, `rotation3`, `spawntimesecs`, `animprogress`, `state`) VALUES
(@OGUID+0, 233958, 1153, 3, 1, '', 5617.798, 4510.276, 119.2702, 0.802851, 0, 0, 0.3907311, 0.9205049, 7200, 255, 1), -- 233958 (Area: 7103)
(@OGUID+1, 231693, 1153, 3, 1, '', 5575.183, 4459.667, 130.368, 0.9424766, 0, 0, 0, 1, 7200, 255, 1), -- 231693 (Area: 7103)
(@OGUID+2, 233958, 1153, 3, 1, '', 5665.686, 4549.266, 119.2681, 3.534291, 0, 0, 0.9807854, -0.1950904, 7200, 255, 1), -- 233958 (Area: 7103)
(@OGUID+3, 233958, 1153, 3, 1, '', 5643.449, 4503.778, 119.2701, 1.631882, 0, 0, 0.728371, 0.685183, 7200, 255, 1), -- 233958 (Area: 7103)
(@OGUID+4, 230466, 1153, 3, 1, '', 5399.831, 4465.976, 114.5397, 0.8464827, 0, 0, 0.4107188, 0.9117621, 7200, 255, 1), -- 230466 (Area: 7103)
(@OGUID+5, 230423, 1153, 3, 1, '', 5527.659, 4523.213, 131.7276, 6.239553, 0, 0, -0.02181491, 0.9997621, 7200, 255, 1), -- 230423 (Area: 7103)
(@OGUID+6, 244478, 1153, 3, 1, '', 5635.661, 4552.224, 119.8232, 5.779783, 0, 0, 0, 1, 7200, 255, 1), -- 244478 (Area: 7103)
(@OGUID+7, 237191, 1153, 3, 1, '', 5593.193, 4589.765, 136.6199, 0.2186512, 0, 0, 0, 1, 7200, 255, 1), -- 237191 (Area: 7103)
(@OGUID+8, 244476, 1153, 3, 1, '', 5635.348, 4551.639, 120.1288, 0.1191348, 0, 0, 0, 1, 7200, 255, 1), -- 244476 (Area: 7103)
(@OGUID+9, 233827, 1153, 3, 1, '', 5623.492, 4549.359, 119.2821, 5.532695, 0, 0, 0, 1, 7200, 255, 1), -- 233827 (Area: 7103)
(@OGUID+10, 239036, 1153, 3, 1, '', 5625.037, 4547.88, 120.6895, 5.550147, 0, 0, 0, 1, 7200, 255, 1), -- 239036 (Area: 7103)
(@OGUID+11, 230544, 1153, 3, 1, '', 5569.77, 4544.71, 135.4601, 5.126781, 0, 0, 0, 1, 7200, 255, 1), -- 230544 (Area: 7103)
(@OGUID+12, 241116, 1153, 3, 1, '', 5634.481, 4555.539, 119.4817, 1.055924, 0, 0, 0, 1, 7200, 255, 1), -- 241116 (Area: 7103)
(@OGUID+13, 231710, 1153, 3, 1, '', 5582.095, 4571.708, 136.4818, 5.523969, 0, 0, 0, 1, 7200, 255, 1), -- 231710 (Area: 7103)
(@OGUID+14, 178433, 1153, 3, 1, '', 5637.14, 4555.412, 119.4619, 1.715103, 0, 0, 0, 1, 7200, 255, 1), -- 178433 (Area: 7103)
(@OGUID+15, 178648, 1153, 3, 1, '', 5635.655, 4557.199, 119.5296, 3.517369, 0, 0, 0, 1, 7200, 255, 1), -- 178648 (Area: 7103)
(@OGUID+16, 231706, 1153, 3, 1, '', 5626.042, 4660.696, 142.458, 4.380776, 0, 0, 0, 1, 7200, 255, 1), -- 231706 (Area: 7103)
(@OGUID+17, 244475, 1153, 3, 1, '', 5635.281, 4552.487, 119.5176, 1.615996, 0, 0, 0, 1, 7200, 255, 1), -- 244475 (Area: 7103)
(@OGUID+18, 237022, 1153, 3, 1, '', 5618.51, 4541.134, 118.9689, 5.777041, 0, 0, 0, 1, 7200, 255, 1), -- 237022 (Area: 7103)
-- (@OGUID+19, 230867, 1153, 3, 1, '', 5613.38, 4514.146, 121.7475, 0.802851, 0, 0, 0, 1, 7200, 255, 1), -- 230867 (Area: 7103)
(@OGUID+20, 231701, 1153, 3, 1, '', 5640.768, 4538.698, 118.9309, 5.061456, 0, 0, 0, 1, 7200, 255, 1), -- 231701 (Area: 7103)
-- (@OGUID+21, 230867, 1153, 3, 1, '', 5613.458, 4517.348, 121.6164, 0.802851, 0, 0, 0, 1, 7200, 255, 1), -- 230867 (Area: 7103)
(@OGUID+22, 240423, 1153, 3, 1, '', 5641.628, 4532.395, 119.9565, 0, 0, 0, 0, 1, 7200, 255, 1), -- 240423 (Area: 7103)
(@OGUID+23, 236053, 1153, 3, 1, '', 5576.882, 4596.304, 142.0464, 1.815142, 0, 0, 0.9135454, 0.4067366, 7200, 255, 1), -- 236053 (Area: 7103)
-- (@OGUID+24, 236186, 1153, 3, 1, '', 5625.983, 4519.01, 119.2701, 0.9532312, 0, 0, 0, 1, 7200, 255, 1), -- 236186 (Area: 7103)
(@OGUID+25, 236058, 1153, 3, 1, '', 5575.41, 4605.587, 142.0397, 5.759588, 0, 0, 0.9135454, 0.4067366, 7200, 255, 1), -- 236058 (Area: 7103)
(@OGUID+26, 231696, 1153, 3, 1, '', 5642.757, 4533.016, 118.8082, 3.080448, 0, 0, 0, 1, 7200, 255, 1), -- 231696 (Area: 7103)
-- (@OGUID+27, 230867, 1153, 3, 1, '', 5618.549, 4508.954, 121.6125, 0.802851, 0, 0, 0, 1, 7200, 255, 1), -- 230867 (Area: 7103)
(@OGUID+28, 236056, 1153, 3, 1, '', 5575.524, 4603.707, 142.0464, 0.7941231, 0, 0, 0.9135454, 0.4067366, 7200, 255, 1), -- 236056 (Area: 7103)
(@OGUID+29, 231715, 1153, 3, 1, '', 5693.363, 4471.897, 130.5254, 2.330013, 0, 0, 0, 1, 7200, 255, 1), -- 231715 (Area: 7103)
(@OGUID+30, 236057, 1153, 3, 1, '', 5577.451, 4606.64, 142.0392, 4.494224, 0, 0, 0.9135454, 0.4067366, 7200, 255, 1), -- 236057 (Area: 7103)
-- (@OGUID+31, 230867, 1153, 3, 1, '', 5658.322, 4552.686, 125.6387, 3.534291, 0, 0, 0, 1, 7200, 255, 1), -- 230867 (Area: 7103)
(@OGUID+32, 236066, 1153, 3, 1, '', 5562.079, 4592.899, 141.6889, 1.719148, 0, 0, 0.9135454, 0.4067366, 7200, 255, 1), -- 236066 (Area: 7103)
(@OGUID+33, 230413, 1153, 3, 1, '', 5651.279, 4441.268, 130.5254, 1.893682, 0, 0, 0.811574, 0.5842497, 7200, 255, 1), -- 230413 (Area: 7103)
(@OGUID+34, 237549, 1153, 3, 1, '', 5561.266, 4586.166, 142.031, 2.303831, 0, 0, 0.9135454, 0.4067366, 7200, 255, 1), -- 237549 (Area: 7103)
-- (@OGUID+35, 230867, 1153, 3, 1, '', 5615.535, 4505.265, 124.0335, 0.802851, 0, 0, 0, 1, 7200, 255, 1), -- 230867 (Area: 7103)
-- (@OGUID+36, 230867, 1153, 3, 1, '', 5625.915, 4510.076, 125.6408, 0.802851, 0, 0, 0, 1, 7200, 255, 1), -- 230867 (Area: 7103)
-- (@OGUID+37, 231964, 1153, 3, 1, '', 5652.182, 4539.688, 119.2702, 3.746286, 0, 0, 0, 1, 7200, 255, 1), -- 231964 (Area: 7103)
(@OGUID+38, 236054, 1153, 3, 1, '', 5577.478, 4599.308, 142.0392, 4.555311, 0, 0, 0.9135454, 0.4067366, 7200, 255, 1), -- 236054 (Area: 7103)
(@OGUID+39, 237552, 1153, 3, 1, '', 5577.387, 4600.997, 142.0162, 2.303831, 0, 0, 0.9135454, 0.4067366, 7200, 255, 1), -- 237552 (Area: 7103)
(@OGUID+40, 231698, 1153, 3, 1, '', 5647.563, 4529.873, 118.9311, 2.521998, 0, 0, 0, 1, 7200, 255, 1), -- 231698 (Area: 7103)
(@OGUID+41, 231699, 1153, 3, 1, '', 5644.95, 4527.896, 118.9275, 1.867502, 0, 0, 0, 1, 7200, 255, 1), -- 231699 (Area: 7103)
(@OGUID+42, 236059, 1153, 3, 1, '', 5569.817, 4606.525, 141.6889, 3.551751, 0, 0, 0.9135454, 0.4067366, 7200, 255, 1), -- 236059 (Area: 7103)
-- (@OGUID+43, 230867, 1153, 3, 1, '', 5635.302, 4505.356, 121.6164, 1.631882, 0, 0, 0, 1, 7200, 255, 1), -- 230867 (Area: 7103)
(@OGUID+44, 207203, 1153, 3, 1, '', 5661.871, 4534.012, 119.3403, 0.3341927, 0, 0, 0, 1, 7200, 255, 1), -- 207203 (Area: 7103)
-- (@OGUID+45, 233248, 1153, 3, 1, '', 5642.372, 4514.427, 119.2701, 1.880883, 0, 0, 0, 1, 7200, 255, 1), -- 233248 (Area: 7103)
(@OGUID+46, 178924, 1153, 3, 1, '', 5660.879, 4531.486, 122.5835, 1.907086, 0, 0, 0, 1, 7200, 255, 1), -- 178924 (Area: 7103)
-- (@OGUID+47, 230867, 1153, 3, 1, '', 5625.046, 4506.429, 121.7217, 0.802851, 0, 0, 0, 1, 7200, 255, 1), -- 230867 (Area: 7103)
-- (@OGUID+48, 230867, 1153, 3, 1, '', 5666.846, 4541.049, 121.6143, 3.534291, 0, 0, 0, 1, 7200, 255, 1), -- 230867 (Area: 7103)
-- (@OGUID+49, 230867, 1153, 3, 1, '', 5669.759, 4552.958, 124.0314, 3.534291, 0, 0, 0, 1, 7200, 255, 1), -- 230867 (Area: 7103)
-- (@OGUID+50, 230867, 1153, 3, 1, '', 5665.524, 4550.777, 121.6104, 3.534291, 0, 0, 0, 1, 7200, 255, 1), -- 230867 (Area: 7103)
(@OGUID+51, 237553, 1153, 3, 1, '', 5583.462, 4617.625, 147.1382, 2.303831, 0, 0, 0.9135454, 0.4067366, 7200, 255, 1), -- 237553 (Area: 7103)
-- (@OGUID+52, 230867, 1153, 3, 1, '', 5660.573, 4555.684, 121.7196, 3.534291, 0, 0, 0, 1, 7200, 255, 1), -- 230867 (Area: 7103)
(@OGUID+53, 178432, 1153, 3, 1, '', 5664.3, 4531.782, 119.7622, 2.749325, 0, 0, 0, 1, 7200, 255, 1), -- 178432 (Area: 7103)
(@OGUID+54, 178924, 1153, 3, 1, '', 5662.02, 4527.783, 122.6418, 1.889443, 0, 0, 0, 1, 7200, 255, 1), -- 178924 (Area: 7103)
(@OGUID+55, 239183, 1153, 3, 1, '', 5577.297, 4622.533, 142.7044, 5.010756, 0, 0, 0, 1, 7200, 255, 1), -- 239183 (Area: 7103)
(@OGUID+56, 236065, 1153, 3, 1, '', 5561.744, 4610.872, 141.6889, 4.686212, 0, 0, 0.9135454, 0.4067366, 7200, 255, 1), -- 236065 (Area: 7103)
(@OGUID+57, 178428, 1153, 3, 1, '', 5664.848, 4529.938, 119.9774, 6.178551, 0, 0, 0, 1, 7200, 255, 1), -- 178428 (Area: 7103)
-- (@OGUID+58, 230867, 1153, 3, 1, '', 5668.194, 4543.956, 121.7454, 3.534291, 0, 0, 0, 1, 7200, 255, 1), -- 230867 (Area: 7103)
-- (@OGUID+59, 230867, 1153, 3, 1, '', 5637.611, 4503.135, 121.7475, 1.631882, 0, 0, 0, 1, 7200, 255, 1), -- 230867 (Area: 7103)
(@OGUID+60, 231708, 1153, 3, 1, '', 5630.063, 4623.952, 139.2156, 1.980947, 0, 0, 0, 1, 7200, 255, 1), -- 231708 (Area: 7103)
(@OGUID+61, 237554, 1153, 3, 1, '', 5543.884, 4586.703, 151.841, 2.303831, 0, 0, 0.9135454, 0.4067366, 7200, 255, 1), -- 237554 (Area: 7103)
(@OGUID+62, 236074, 1153, 3, 1, '', 5552.673, 4603.526, 141.7871, 6.099926, 0, 0, 0.9135454, 0.4067366, 7200, 255, 1), -- 236074 (Area: 7103)
(@OGUID+63, 206083, 1153, 3, 1, '', 5665.541, 4528.141, 120.0729, 4.294374, 0, 0, 0, 1, 7200, 255, 1), -- 206083 (Area: 7103)
(@OGUID+64, 178924, 1153, 3, 1, '', 5666.069, 4532.837, 122.9084, 0.3110285, 0, 0, 0, 1, 7200, 255, 1), -- 178924 (Area: 7103)
-- (@OGUID+65, 230867, 1153, 3, 1, '', 5649.08, 4509.627, 125.6408, 1.631882, 0, 0, 0, 1, 7200, 255, 1), -- 230867 (Area: 7103)
(@OGUID+66, 239176, 1153, 3, 1, '', 5557.356, 4606.828, 141.7105, 5.42584, 0, 0, 0, 1, 7200, 255, 1), -- 239176 (Area: 7103)
-- (@OGUID+67, 230867, 1153, 3, 1, '', 5644.931, 4503.439, 121.6125, 1.631882, 0, 0, 0, 1, 7200, 255, 1), -- 230867 (Area: 7103)
(@OGUID+68, 236062, 1153, 3, 1, '', 5547.216, 4606.214, 142.0392, 1.762782, 0, 0, 0.9135454, 0.4067366, 7200, 255, 1), -- 236062 (Area: 7103)
(@OGUID+69, 237550, 1153, 3, 1, '', 5546.008, 4603.837, 141.9877, 1.492256, 0, 0, 0.9135454, 0.4067366, 7200, 255, 1), -- 237550 (Area: 7103)
(@OGUID+70, 237551, 1153, 3, 1, '', 5562.662, 4618.067, 142.0369, 2.434729, 0, 0, 0.9135454, 0.4067366, 7200, 255, 1), -- 237551 (Area: 7103)
-- (@OGUID+71, 230867, 1153, 3, 1, '', 5651.182, 4506.522, 121.7217, 1.631882, 0, 0, 0, 1, 7200, 255, 1), -- 230867 (Area: 7103)
-- (@OGUID+72, 230867, 1153, 3, 1, '', 5645.614, 4498.725, 124.0335, 1.631882, 0, 0, 0, 1, 7200, 255, 1), -- 230867 (Area: 7103)
(@OGUID+73, 237548, 1153, 3, 1, '', 5552.972, 4612.193, 151.5818, 2.303831, 0, 0, 0.9135454, 0.4067366, 7200, 255, 1), -- 237548 (Area: 7103)
(@OGUID+74, 233828, 1153, 3, 1, '', 5567.345, 4496.927, 130.3828, 1.256636, 0, 0, 0, 1, 7200, 255, 1), -- 233828 (Area: 7103)
(@OGUID+75, 207203, 1153, 3, 1, '', 5664.945, 4527.048, 119.8958, 0.3341927, 0, 0, 0, 1, 7200, 255, 1), -- 207203 (Area: 7103)
(@OGUID+76, 239035, 1153, 3, 1, '', 5568.01, 4498.952, 131.8571, 1.256636, 0, 0, 0, 1, 7200, 255, 1), -- 239035 (Area: 7103)
(@OGUID+77, 242448, 1153, 3, 1, '', 5655.64, 4508.376, 119.5834, 2.234018, 0, 0, 0, 1, 7200, 255, 1), -- 242448 (Area: 7103)
(@OGUID+78, 207203, 1153, 3, 1, '', 5564.65, 4487.182, 130.36, 1.359729, 0, 0, 0, 1, 7200, 255, 1), -- 207203 (Area: 7103)
(@OGUID+79, 178429, 1153, 3, 1, '', 5565.681, 4491.806, 130.4376, 2.917606, 0, 0, 0, 1, 7200, 255, 1), -- 178429 (Area: 7103)
(@OGUID+80, 178433, 1153, 3, 1, '', 5662.166, 4534.624, 119.3351, 0.9657984, 0, 0, 0, 1, 7200, 255, 1), -- 178433 (Area: 7103)
(@OGUID+81, 178432, 1153, 3, 1, '', 5636.159, 4555.728, 119.4987, 2.847657, 0, 0, 0, 1, 7200, 255, 1), -- 178432 (Area: 7103)
(@OGUID+82, 178429, 1153, 3, 1, '', 5555.252, 4488.772, 131.9804, 6.003112, 0, 0, 0, 1, 7200, 255, 1), -- 178429 (Area: 7103)
(@OGUID+83, 206078, 1153, 3, 1, '', 5666.829, 4533.478, 120.0278, 6.126992, 0, 0, 0, 1, 7200, 255, 1), -- 206078 (Area: 7103)
(@OGUID+84, 206082, 1153, 3, 1, '', 5558.345, 4492.488, 131.6239, 5.3408, 0, 0, 0, 1, 7200, 255, 1), -- 206082 (Area: 7103)
(@OGUID+85, 207203, 1153, 3, 1, '', 5663.946, 4530.958, 119.7483, 0.8059185, 0, 0, 0, 1, 7200, 255, 1), -- 207203 (Area: 7103)
(@OGUID+86, 178432, 1153, 3, 1, '', 5564.134, 4488.74, 130.3522, 2.919857, 0, 0, 0, 1, 7200, 255, 1), -- 178432 (Area: 7103)
(@OGUID+87, 178430, 1153, 3, 1, '', 5663.495, 4529.998, 119.7257, 6.169658, 0, 0, 0, 1, 7200, 255, 1), -- 178430 (Area: 7103)
(@OGUID+88, 233832, 1153, 3, 1, '', 5526.706, 4522.21, 132.7027, 6.262891, 0, 0, 0, 1, 7200, 255, 1), -- 233832 (Area: 7103)
(@OGUID+89, 178431, 1153, 3, 1, '', 5664.183, 4527.405, 119.7791, 4.893389, 0, 0, 0, 1, 7200, 255, 1), -- 178431 (Area: 7103)
(@OGUID+90, 231695, 1153, 3, 1, '', 5476.589, 4622.707, 134.4498, 4.886924, 0, 0, 0, 1, 7200, 255, 1), -- 231695 (Area: 7103)
(@OGUID+91, 233633, 1153, 3, 1, '', 5647.034, 4669.448, 142.6589, 3.322626, 0, 0, 0, 1, 7200, 255, 1), -- 233633 (Area: 7103)
(@OGUID+92, 231063, 1153, 3, 1, '', 5519.946, 4616.672, 102.3962, 5.5034, 0, 0, 0, 1, 7200, 255, 1), -- 231063 (Area: 7103)
(@OGUID+93, 234096, 1153, 3, 1, '', 5731.749, 4500.636, 131.4994, 6.021387, 0, 0, 0, 1, 7200, 255, 0), -- 234096 (Area: 7103)
(@OGUID+94, 239037, 1153, 3, 1, '', 5666.599, 4472.557, 131.9039, 2.164206, 0, 0, 0, 1, 7200, 255, 1), -- 239037 (Area: 7103)
(@OGUID+95, 230415, 1153, 3, 1, '', 5415.374, 4586.439, 136.5831, 2.35619, 0, 0, 0.9238796, 0.3826834, 7200, 255, 1), -- 230415 (Area: 7103)
-- (@OGUID+96, 236307, 1153, 3, 1, '', 5641.842, 4449.948, 133.1143, 2.076939, 0, 0, 0.8115739, 0.5842497, 7200, 255, 1), -- 236307 (Area: 7103)
(@OGUID+97, 233829, 1153, 3, 1, '', 5667.799, 4470.8, 130.5088, 2.164206, 0, 0, 0, 1, 7200, 255, 1), -- 233829 (Area: 7103)
-- (@OGUID+98, 236310, 1153, 3, 1, '', 5647.13, 4447.56, 132.7927, 0.05235888, 0, 0, 0.8115739, 0.5842497, 7200, 255, 1), -- 236310 (Area: 7103)
-- (@OGUID+99, 236311, 1153, 3, 1, '', 5650.838, 4448.61, 132.7927, 3.656466, 0, 0, 0.8115739, 0.5842497, 7200, 255, 1), -- 236311 (Area: 7103)
-- (@OGUID+100, 236308, 1153, 3, 1, '', 5654.053, 4452.723, 133.1417, 4.878196, 0, 0, 0.8115739, 0.5842497, 7200, 255, 1), -- 236308 (Area: 7103)
-- (@OGUID+101, 236309, 1153, 3, 1, '', 5650.841, 4446.002, 132.7927, 3.106652, 0, 0, 0.8115739, 0.5842497, 7200, 255, 1), -- 236309 (Area: 7103)
-- (@OGUID+102, 236312, 1153, 3, 1, '', 5648.353, 4445.572, 132.7927, 1.178096, 0, 0, 0.8115739, 0.5842497, 7200, 255, 1), -- 236312 (Area: 7103)
-- (@OGUID+103, 232544, 1153, 3, 1, '', 5497.325, 4465.901, 88.79082, 1.652542, 0, 0, 0, 1, 7200, 255, 1), -- 232544 (Area: 7103)
(@OGUID+104, 234103, 1153, 3, 1, '', 5563.477, 4688.278, 152.1338, 3.202737, 0, 0, 0, 1, 7200, 255, 1), -- 234103 (Area: 7103)
(@OGUID+105, 231694, 1153, 3, 1, '', 5481.132, 4614.598, 134.4498, 3.316144, 0, 0, 0, 1, 7200, 255, 1), -- 231694 (Area: 7103)
(@OGUID+106, 236490, 1153, 3, 1, '', 5482.559, 4639.971, 135.6068, 1.596974, 0, 0, 0, 1, 7200, 255, 1), -- 236490 (Area: 7103)
(@OGUID+107, 236491, 1153, 3, 1, '', 5485.867, 4640.038, 135.551, 1.631881, 0, 0, 0, 1, 7200, 255, 1), -- 236491 (Area: 7103)
(@OGUID+108, 178924, 1153, 3, 1, '', 5663.79, 4533.354, 123.3645, 1.884144, 0, 0, 0, 1, 7200, 255, 1), -- 178924 (Area: 7103)
(@OGUID+109, 206078, 1153, 3, 1, '', 5561.071, 4487.471, 130.7197, 1.885531, 0, 0, 0, 1, 7200, 255, 1), -- 206078 (Area: 7103)
(@OGUID+110, 206937, 1153, 3, 1, '', 5560.24, 4490.062, 128.3253, 0.3231144, 0, 0, 0, 1, 7200, 255, 1), -- 206937 (Area: 7103)
(@OGUID+111, 206076, 1153, 3, 1, '', 5665.751, 4527.423, 120.0868, 5.010414, 0, 0, 0, 1, 7200, 255, 1), -- 206076 (Area: 7103)
(@OGUID+112, 178433, 1153, 3, 1, '', 5555.984, 4487.292, 131.6507, 4.425706, 0, 0, 0, 1, 7200, 255, 1), -- 178433 (Area: 7103)
(@OGUID+113, 178666, 1153, 3, 1, '', 5664.235, 4530.999, 119.7952, 1.894851, 0, 0, 0, 1, 7200, 255, 1), -- 178666 (Area: 7103)
(@OGUID+114, 178431, 1153, 3, 1, '', 5664.464, 4534.465, 119.5556, 1.054639, 0, 0, 0, 1, 7200, 255, 1), -- 178431 (Area: 7103)
(@OGUID+115, 234303, 1153, 3, 1, '', 5453.382, 4613.685, 135.0733, 0, 0, 0, 0, 1, 7200, 255, 1), -- 234303 (Area: 7103)
(@OGUID+116, 180715, 1153, 3, 1, '', 5669.444, 4526.483, 120.8385, 4.947744, 0, 0, 0, 1, 7200, 255, 1), -- 180715 (Area: 7103)
(@OGUID+117, 178433, 1153, 3, 1, '', 5666.205, 4534.673, 119.7483, 2.443215, 0, 0, 0, 1, 7200, 255, 1), -- 178433 (Area: 7103)
(@OGUID+118, 243863, 1153, 3, 1, '', 5662.49, 4533.67, 119.3646, 4.524034, 0, 0, 0, 1, 7200, 255, 1), -- 243863 (Area: 7103)
(@OGUID+119, 178431, 1153, 3, 1, '', 5563.097, 4494.14, 130.6373, 0.7658103, 0, 0, 0, 1, 7200, 255, 1), -- 178431 (Area: 7103)
(@OGUID+120, 178433, 1153, 3, 1, '', 5662.851, 4531.282, 119.5434, 3.98912, 0, 0, 0, 1, 7200, 255, 1), -- 178433 (Area: 7103)
(@OGUID+121, 178429, 1153, 3, 1, '', 5636.158, 4554.627, 119.4939, 4.528688, 0, 0, 0, 1, 7200, 255, 1), -- 178429 (Area: 7103)
(@OGUID+122, 178924, 1153, 3, 1, '', 5666.866, 4530.408, 122.9046, 0.3129821, 0, 0, 0, 1, 7200, 255, 1), -- 178924 (Area: 7103)
(@OGUID+123, 178924, 1153, 3, 1, '', 5665.557, 4528.057, 120.0694, 1.927598, 0, 0, 0, 1, 7200, 255, 1), -- 178924 (Area: 7103)
(@OGUID+124, 178746, 1153, 3, 1, '', 5661.073, 4527.143, 119.5894, 3.401519, 0, 0, 0, 1, 7200, 255, 1), -- 178746 (Area: 7103)
(@OGUID+125, 178429, 1153, 3, 1, '', 5665.122, 4530.904, 119.9601, 4.760691, 0, 0, 0, 1, 7200, 255, 1), -- 178429 (Area: 7103)
(@OGUID+126, 178428, 1153, 3, 1, '', 5560.046, 4495.343, 131.233, 1.56512, 0, 0, 0, 1, 7200, 255, 1), -- 178428 (Area: 7103)
(@OGUID+127, 178433, 1153, 3, 1, '', 5563.317, 4491.555, 130.599, 0.3117165, 0, 0, 0, 1, 7200, 255, 1), -- 178433 (Area: 7103)
(@OGUID+128, 234104, 1153, 3, 1, '', 5738.471, 4488.752, 133.026, 0.5061446, 0, 0, 0, 1, 7200, 255, 1); -- 234104 (Area: 7103)
-- (@OGUID+129, 239262, 1153, 3, 1, '', 5665.825, 4549.941, 120.2452, 3.953182, 0, 0, 0.9807844, -0.1950948, 7200, 255, 1), -- 239262 (Area: 7103)
-- (@OGUID+130, 230460, 1153, 3, 1, '', 5665.686, 4549.266, 119.2681, 3.534301, 0, 0, 0.9807853, -0.1950902, 7200, 255, 1), -- 230460 (Area: 7103)
-- (@OGUID+131, 237067, 1153, 3, 1, '', 5655.739, 4553.209, 119.2681, 2.836158, 0, 0, 0.9807844, -0.1950948, 7200, 255, 1), -- 237067 (Area: 7103)
-- (@OGUID+132, 242958, 1153, 3, 1, '', 5664.723, 4549.002, 120.1583, 3.534301, 0, 0, 0, 1, 7200, 255, 1), -- 242958 (Area: 7103)
-- (@OGUID+133, 230427, 1153, 3, 1, '', 5643.449, 4503.778, 119.2701, 1.631882, 0, 0, 0.728371, 0.685183, 7200, 255, 1), -- 230427 (Area: 7103)
-- (@OGUID+134, 237063, 1153, 3, 1, '', 5650.804, 4513.22, 119.2701, 0.9337503, 0, 0, 0.7283707, 0.6851833, 7200, 255, 1), -- 237063 (Area: 7103)
-- (@OGUID+135, 237178, 1153, 3, 1, '', 5613.48, 4509.099, 119.9153, 0.6370431, 0, 0, 0.3907309, 0.920505, 7200, 255, 1), -- 237178 (Area: 7103)
-- (@OGUID+136, 237179, 1153, 3, 1, '', 5614.678, 4506.467, 120.9294, 5.846783, 0, 0, 0.3907309, 0.920505, 7200, 255, 1), -- 237179 (Area: 7103)
-- (@OGUID+137, 230463, 1153, 3, 1, '', 5617.798, 4510.276, 119.2702, 0.802851, 0, 0, 0.3907311, 0.9205049, 7200, 255, 1), -- 230463 (Area: 7103)
-- (@OGUID+138, 237180, 1153, 3, 1, '', 5623.544, 4512.8, 121.0787, 0.7155828, 0, 0, 0.3907309, 0.920505, 7200, 255, 1), -- 237180 (Area: 7103)
-- (@OGUID+139, 237181, 1153, 3, 1, '', 5628.979, 4511.464, 119.2702, 0.1047193, 0, 0, 0.3907309, 0.920505, 7200, 255, 1), -- 237181 (Area: 7103)
-- (@OGUID+140, 234303, 1153, 3, 1, '', 5647.032, 4514.536, 119.2632, 1.233606, 0, 0, 0, 1, 7200, 255, 1), -- 234303 (Area: 7103)
-- (@OGUID+141, 234303, 1153, 3, 1, '', 5622.668, 4522.049, 119.5778, 0.3164161, 0, 0, 0, 1, 7200, 255, 1), -- 234303 (Area: 7103)
-- (@OGUID+142, 234303, 1153, 3, 1, '', 5658.831, 4541.574, 119.2408, 4.193513, 0, 0, 0, 1, 7200, 255, 1), -- 234303 (Area: 7103)
-- (@OGUID+143, 230427, 1153, 3, 1, '', 5617.798, 4510.276, 119.2702, 0.802851, 0, 0, 0.3907311, 0.9205049, 7200, 255, 1), -- 230427 (Area: 7103)
-- (@OGUID+144, 230463, 1153, 3, 1, '', 5643.449, 4503.778, 119.2701, 1.631882, 0, 0, 0.728371, 0.685183, 7200, 255, 1), -- 230463 (Area: 7103)
-- (@OGUID+145, 237179, 1153, 3, 1, '', 5644.148, 4498.904, 120.9293, 0.3926347, 0, 0, 0.7283707, 0.6851833, 7200, 255, 1), -- 237179 (Area: 7103)
-- (@OGUID+146, 237180, 1153, 3, 1, '', 5645.47, 4509.72, 121.0786, 1.544616, 0, 0, 0.7283707, 0.6851833, 7200, 255, 1), -- 237180 (Area: 7103)
-- (@OGUID+147, 237181, 1153, 3, 1, '', 5650.126, 4512.824, 119.2701, 0.9337503, 0, 0, 0.7283707, 0.6851833, 7200, 255, 1), -- 237181 (Area: 7103)
-- (@OGUID+148, 237063, 1153, 3, 1, '', 5629.729, 4511.231, 119.2702, 0.1047193, 0, 0, 0.3907309, 0.920505, 7200, 255, 1), -- 237063 (Area: 7103)
-- (@OGUID+149, 237178, 1153, 3, 1, '', 5641.399, 4499.799, 119.9153, 1.466076, 0, 0, 0.7283707, 0.6851833, 7200, 255, 1), -- 237178 (Area: 7103)
-- (@OGUID+150, 230463, 1153, 3, 1, '', 5665.686, 4549.266, 119.2681, 3.534291, 0, 0, 0.9807854, -0.1950904, 7200, 255, 1), -- 230463 (Area: 7103)
-- (@OGUID+151, 230460, 1153, 3, 1, '', 5643.449, 4503.778, 119.2701, 1.631882, 0, 0, 0.728371, 0.685183, 7200, 255, 1), -- 230460 (Area: 7103)
-- (@OGUID+152, 237178, 1153, 3, 1, '', 5670.115, 4548.624, 119.9132, 3.368496, 0, 0, 0.9807854, -0.19509, 7200, 255, 1), -- 237178 (Area: 7103)
-- (@OGUID+153, 239262, 1153, 3, 1, '', 5644.042, 4503.426, 120.2473, 2.050758, 0, 0, 0.7283707, 0.6851833, 7200, 255, 1), -- 239262 (Area: 7103)
-- (@OGUID+154, 237179, 1153, 3, 1, '', 5670.066, 4551.514, 120.9273, 2.295105, 0, 0, 0.9807854, -0.19509, 7200, 255, 1), -- 237179 (Area: 7103)
-- (@OGUID+155, 242958, 1153, 3, 1, '', 5643.513, 4504.774, 120.1604, 1.631882, 0, 0, 0, 1, 7200, 255, 1), -- 242958 (Area: 7103)
-- (@OGUID+156, 237180, 1153, 3, 1, '', 5659.41, 4549.242, 121.0765, 3.447027, 0, 0, 0.9807854, -0.19509, 7200, 255, 1), -- 237180 (Area: 7103)
-- (@OGUID+157, 237181, 1153, 3, 1, '', 5654.958, 4552.635, 119.2681, 2.836158, 0, 0, 0.9807854, -0.19509, 7200, 255, 1), -- 237181 (Area: 7103)
-- (@OGUID+158, 237067, 1153, 3, 1, '', 5650.416, 4511.898, 119.2701, 0.9337503, 0, 0, 0.7283707, 0.6851833, 7200, 255, 1), -- 237067 (Area: 7103)
-- (@OGUID+159, 230427, 1153, 3, 1, '', 5665.686, 4549.266, 119.2681, 3.534291, 0, 0, 0.9807854, -0.1950904, 7200, 255, 1), -- 230427 (Area: 7103)
-- (@OGUID+160, 230463, 1153, 3, 1, '', 5617.798, 4510.276, 119.2702, 0.802851, 0, 0, 0.3907311, 0.9205049, 7200, 255, 1), -- 230463 (Area: 7103)
-- (@OGUID+161, 237179, 1153, 3, 1, '', 5614.678, 4506.467, 120.9294, 5.846783, 0, 0, 0.3907309, 0.920505, 7200, 255, 1), -- 237179 (Area: 7103)
-- (@OGUID+162, 237180, 1153, 3, 1, '', 5623.544, 4512.8, 121.0787, 0.7155828, 0, 0, 0.3907309, 0.920505, 7200, 255, 1), -- 237180 (Area: 7103)
-- (@OGUID+163, 237181, 1153, 3, 1, '', 5628.979, 4511.464, 119.2702, 0.1047193, 0, 0, 0.3907309, 0.920505, 7200, 255, 1), -- 237181 (Area: 7103)
-- (@OGUID+164, 237063, 1153, 3, 1, '', 5654.364, 4553.146, 119.2681, 2.836158, 0, 0, 0.9807854, -0.19509, 7200, 255, 1), -- 237063 (Area: 7103)
-- (@OGUID+165, 237178, 1153, 3, 1, '', 5613.48, 4509.099, 119.9153, 0.6370431, 0, 0, 0.3907309, 0.920505, 7200, 255, 1), -- 237178 (Area: 7103)
-- (@OGUID+166, 234303, 1153, 3, 1, '', 5638.408, 4512.764, 119.2429, 2.291087, 0, 0, 0, 1, 7200, 255, 1), -- 234303 (Area: 7103)
-- (@OGUID+167, 234303, 1153, 3, 1, '', 5654.348, 4549.151, 119.2611, 3.135416, 0, 0, 0, 1, 7200, 255, 1), -- 234303 (Area: 7103)
-- (@OGUID+168, 234303, 1153, 3, 1, '', 5622.668, 4522.049, 119.5778, 0.3164161, 0, 0, 0, 1, 7200, 255, 1), -- 234303 (Area: 7103)
-- (@OGUID+169, 230427, 1153, 3, 1, '', 5643.449, 4503.778, 119.2701, 1.631882, 0, 0, 0.728371, 0.685183, 7200, 255, 1), -- 230427 (Area: 7103)
-- (@OGUID+170, 230460, 1153, 3, 1, '', 5665.686, 4549.266, 119.2681, 3.534291, 0, 0, 0.9807854, -0.1950904, 7200, 255, 1), -- 230460 (Area: 7103)
-- (@OGUID+171, 237067, 1153, 3, 1, '', 5655.739, 4553.209, 119.2681, 2.836158, 0, 0, 0.9807854, -0.19509, 7200, 255, 1), -- 237067 (Area: 7103)
-- (@OGUID+172, 239262, 1153, 3, 1, '', 5665.825, 4549.941, 120.2452, 3.953173, 0, 0, 0.9807854, -0.19509, 7200, 255, 1), -- 239262 (Area: 7103)
-- (@OGUID+173, 237063, 1153, 3, 1, '', 5650.804, 4513.22, 119.2701, 0.9337503, 0, 0, 0.7283707, 0.6851833, 7200, 255, 1), -- 237063 (Area: 7103)
-- (@OGUID+174, 242958, 1153, 3, 1, '', 5664.723, 4549.002, 120.1583, 3.534291, 0, 0, 0, 1, 7200, 255, 1), -- 242958 (Area: 7103)
-- (@OGUID+175, 234303, 1153, 3, 1, '', 5658.831, 4541.574, 119.2408, 4.193501, 0, 0, 0, 1, 7200, 255, 1), -- 234303 (Area: 7103)
-- (@OGUID+176, 234303, 1153, 3, 1, '', 5647.032, 4514.536, 119.2632, 1.233606, 0, 0, 0, 1, 7200, 255, 1); -- 234303 (Area: 7103)



