--
SET @CGUID = 1135896; -- creature
SET @OGUID = 542348; -- gameobject

DELETE FROM creature where map in (1159);
DELETE FROM gameobject where map in (1159);
DELETE FROM `creature_addon` WHERE `guid` not in (select guid from creature);
DELETE FROM `waypoint_data` WHERE `id` not in (select guid from creature);

DELETE FROM `gameobject` WHERE `guid` BETWEEN @OGUID+0 AND @OGUID+303;
DELETE FROM `creature` WHERE `guid` BETWEEN @CGUID+0 AND @CGUID+201;
DELETE FROM `creature_addon` WHERE `guid` BETWEEN @CGUID+0 AND @CGUID+201;
DELETE FROM `waypoint_data` WHERE `id` BETWEEN @CGUID+0 AND @CGUID+201;

INSERT INTO `creature` (`guid`, `id`, `map`, `spawnMask`, `phaseMask`, `phaseId`, `position_x`, `position_y`, `position_z`, `orientation`, `spawntimesecs`, `spawndist`, `MovementType`) VALUES
(@CGUID+9, 86018, 1159, 3, 1, '', 1942.549, 345.9931, 90.48857, 3.693017, 7200, 0, 0), -- 86018 (Area: 7086)
(@CGUID+10, 79953, 1159, 3, 1, '', 1931.634, 349.7882, 91.84711, 5.34292, 7200, 0, 0), -- 79953 (Area: 7086)
(@CGUID+11, 81152, 1159, 3, 1, '', 1949.675, 333.9757, 90.49347, 4.901547, 7200, 0, 0), -- 81152 (Area: 7086) (Auras: 133464 - 133464)
(@CGUID+12, 77209, 1159, 3, 1, '', 1940.521, 345.9965, 90.48857, 0.1585822, 7200, 0, 0), -- 77209 (Area: 7086)
(@CGUID+13, 95470, 1159, 3, 1, '', 1932.488, 340.3108, 90.48844, 5.971178, 7200, 0, 0), -- 95470 (Area: 7086)
(@CGUID+14, 84455, 1159, 3, 1, '', 1930.443, 347.8177, 91.84711, 1.250367, 7200, 0, 0), -- 84455 (Area: 7086)
(@CGUID+15, 84246, 1159, 3, 1, '', 1924.161, 326.5486, 89.04919, 3.983797, 7200, 0, 0), -- 84246 (Area: 7086)
(@CGUID+16, 85839, 1159, 3, 1, '', 1943.01, 343.4583, 90.5174, 0.9974928, 7200, 0, 0), -- 85839 (Area: 7086)
(@CGUID+17, 92213, 1159, 3, 1, '', 1947.715, 328.4705, 90.36384, 3.196417, 7200, 0, 0), -- 92213 (Area: 7086) (Auras: 182938 - 182938)
(@CGUID+18, 91913, 1159, 3, 1, '', 1943.988, 324.1701, 90.36384, 1.216646, 7200, 0, 0), -- 91913 (Area: 7086) (Auras: 160955 - 160955)
(@CGUID+19, 93142, 1159, 3, 1, '', 1915.472, 345.7361, 89.04919, 2.822136, 7200, 0, 0), -- 93142 (Area: 7086)
(@CGUID+20, 92219, 1159, 3, 1, '', 1945.877, 327.1875, 90.36384, 2.125266, 7200, 0, 0), -- 92219 (Area: 7086)
(@CGUID+21, 84698, 1159, 3, 1, '', 1932.28, 348.7014, 91.84711, 5.302648, 7200, 0, 0), -- 84698 (Area: 7086)
(@CGUID+22, 88633, 1159, 3, 1, '', 1936.043, 352.882, 91.84711, 4.656318, 7200, 0, 0), -- 88633 (Area: 7086)
(@CGUID+23, 78564, 1159, 3, 1, '', 1948.352, 282.8125, 89.04919, 3.074896, 7200, 0, 0), -- 78564 (Area: 7086) (Auras: 178343 - 178343)
(@CGUID+24, 85857, 1159, 3, 1, '', 1938.007, 317.2969, 89.58591, 3.72274, 7200, 0, 0), -- 85857 (Area: 7086)
(@CGUID+25, 77370, 1159, 3, 1, '', 1913.035, 291.6267, 89.04919, 5.292583, 7200, 0, 0), -- 77370 (Area: 7086) (Auras: 178343 - 178343)
(@CGUID+26, 84175, 1159, 3, 1, '', 1945.84, 252.8472, 76.61308, 0, 7200, 0, 0), -- 84175 (Area: 7086)
-- (@CGUID+27, 84248, 1159, 3, 1, '', 1870.901, 308.5472, 82.68613, 4.275065, 7200, 10, 1), -- 84248 (Area: 7086) (possible waypoints or random movement)
(@CGUID+28, 94870, 1159, 3, 1, '', 1922.785, 319.6736, 89.04919, 3.314701, 7200, 0, 0), -- 94870 (Area: 7086)
(@CGUID+29, 77370, 1159, 3, 1, '', 1878.965, 244.0903, 76.7229, 0.2688207, 7200, 0, 0), -- 77370 (Area: 7086) (Auras: 178343 - 178343)
(@CGUID+30, 82776, 1159, 3, 1, '', 1930.8, 320.1198, 89.5865, 5.621437, 7200, 0, 0), -- 82776 (Area: 7086)
(@CGUID+31, 94512, 1159, 3, 1, '', 1915.703, 346.7795, 89.04919, 3.041341, 7200, 0, 0), -- 94512 (Area: 7086)
(@CGUID+32, 91589, 1159, 3, 1, '', 1925.847, 315.0851, 89.04919, 4.097583, 7200, 0, 0), -- 91589 (Area: 7086)
(@CGUID+33, 77370, 1159, 3, 1, '', 1919.451, 297.3837, 89.04919, 5.32587, 7200, 0, 0), -- 77370 (Area: 7086) (Auras: 178343 - 178343)
(@CGUID+34, 77617, 1159, 3, 1, '', 1842.262, 251.941, 76.63956, 0, 7200, 0, 0), -- 77617 (Area: 7086)
(@CGUID+35, 88598, 1159, 3, 1, '', 1947.189, 315.3611, 90.48798, 5.255001, 7200, 0, 0), -- 88598 (Area: 7086)
(@CGUID+36, 85418, 1159, 3, 1, '', 1912.977, 350.526, 89.04919, 5.766297, 7200, 10, 1), -- 85418 (Area: 7086) (possible waypoints or random movement)
(@CGUID+37, 77370, 1159, 3, 1, '', 1942.438, 285.6788, 89.04919, 2.873673, 7200, 0, 0), -- 77370 (Area: 7086) (Auras: 178343 - 178343)
(@CGUID+38, 77617, 1159, 3, 1, '', 1843.854, 248.7014, 76.63956, 0, 7200, 0, 0), -- 77617 (Area: 7086)
(@CGUID+39, 80026, 1159, 3, 1, '', 1859.019, 242.5399, 76.7229, 3.677424, 7200, 0, 0), -- 80026 (Area: 7086)
(@CGUID+40, 77370, 1159, 3, 1, '', 1865.351, 265.2656, 76.7229, 1.672761, 7200, 0, 0), -- 77370 (Area: 7086) (Auras: 178343 - 178343)
(@CGUID+41, 77617, 1159, 3, 1, '', 1843.476, 254.7083, 76.63956, 0, 7200, 0, 0), -- 77617 (Area: 7086)
(@CGUID+42, 84776, 1159, 3, 1, '', 1909.002, 316.6667, 89.04919, 1.198066, 7200, 0, 0), -- 84776 (Area: 7086)
(@CGUID+43, 85312, 1159, 3, 1, '', 1857.96, 230.0017, 76.72289, 5.750927, 7200, 0, 0), -- 85312 (Area: 7086) (Auras: 178343 - 178343)
(@CGUID+44, 77370, 1159, 3, 1, '', 1869.67, 220.6979, 76.84644, 0.4110378, 7200, 0, 0), -- 77370 (Area: 7086) (Auras: 178343 - 178343)
(@CGUID+45, 85312, 1159, 3, 1, '', 1850.962, 225.3438, 76.38034, 3.706423, 7200, 0, 0), -- 85312 (Area: 7086) (Auras: 178343 - 178343)
(@CGUID+46, 79603, 1159, 3, 1, '', 1761.439, 116.5017, 76.9751, 5.886558, 7200, 0, 0), -- 79603 (Area: 7086)
-- (@CGUID+47, 77361, 1159, 3, 1, '', 1841.179, 154.0924, 19.56609, 0, 7200, 0, 0), -- 77361 (Area: 7086)
-- (@CGUID+48, 77361, 1159, 3, 1, '', 1866.276, 39.74671, 64.34286, 0, 7200, 0, 0), -- 77361 (Area: 7086) (Auras: 156915 - 156915)
-- (@CGUID+49, 77361, 1159, 3, 1, '', 1848.34, 173.667, 14.92972, 0, 7200, 0, 0), -- 77361 (Area: 7086)
-- (@CGUID+50, 77361, 1159, 3, 1, '', 1861.414, 120.5152, 21.49499, 0.3490652, 7200, 0, 0), -- 77361 (Area: 7086)
(@CGUID+51, 85312, 1159, 3, 1, '', 1771.382, 196.8941, 71.34609, 3.706423, 7200, 0, 0), -- 85312 (Area: 7086) (Auras: 178343 - 178343)
-- (@CGUID+52, 77361, 1159, 3, 1, '', 1890.54, 111.127, 24.80718, 0, 7200, 0, 0), -- 77361 (Area: 7086)
(@CGUID+53, 77370, 1159, 3, 1, '', 1908.547, 338.5746, 89.04919, 3.706423, 7200, 0, 0), -- 77370 (Area: 7086) (Auras: 178343 - 178343)
(@CGUID+54, 85737, 1159, 3, 1, '', 1917.861, 295.066, 89.04919, 4.480438, 7200, 0, 0), -- 85737 (Area: 7086)
(@CGUID+55, 77370, 1159, 3, 1, '', 1769.413, 191.3715, 71.37416, 3.706423, 7200, 0, 0), -- 77370 (Area: 7086) (Auras: 178343 - 178343)
(@CGUID+56, 81491, 1159, 3, 1, '', 1921.46, 282.6979, 89.04834, 1.794219, 7200, 0, 0), -- 81491 (Area: 7086)
(@CGUID+57, 77370, 1159, 3, 1, '', 1918.236, 298.4514, 89.04919, 3.706423, 7200, 0, 0), -- 77370 (Area: 7086) (Auras: 178343 - 178343)
(@CGUID+58, 89259, 1159, 3, 1, '', 1919.675, 291.5017, 89.04919, 3.134893, 7200, 0, 0), -- 89259 (Area: 7086)
(@CGUID+59, 82466, 1159, 3, 1, '', 1908.063, 319.6233, 89.04919, 4.707864, 7200, 0, 0), -- 82466 (Area: 7086)
-- (@CGUID+60, 77361, 1159, 3, 1, '', 1900.676, 129.7579, 23.96967, 0, 7200, 0, 0), -- 77361 (Area: 7086)
(@CGUID+61, 83858, 1159, 3, 1, '', 1915.709, 291.3368, 89.04817, 4.019439, 7200, 0, 0), -- 83858 (Area: 7086)
(@CGUID+62, 15781, 1159, 3, 1, '', 1869.427, 343.9705, 81.74379, 2.265904, 7200, 0, 0), -- 15781 (Area: 7086)
-- (@CGUID+63, 77361, 1159, 3, 1, '', 1850.906, 162.8207, 17.97704, 0, 7200, 0, 0), -- 77361 (Area: 7086)
(@CGUID+64, 89763, 1159, 3, 1, '', 1942.497, 312.1302, 90.48798, 3.723752, 7200, 0, 0), -- 89763 (Area: 7086)
-- (@CGUID+65, 77361, 1159, 3, 1, '', 1868.949, 56.86174, 66.96739, 0, 7200, 0, 0), -- 77361 (Area: 7086) (Auras: 156915 - 156915)
(@CGUID+66, 81492, 1159, 3, 1, '', 1922.84, 284.0955, 89.04919, 1.865049, 7200, 0, 0), -- 81492 (Area: 7086)
(@CGUID+67, 77376, 1159, 3, 1, '', 1727.91, 133.0313, 76.87573, 5.422138, 7200, 0, 0), -- 77376 (Area: 7086)
-- (@CGUID+68, 77370, 1159, 3, 1, '', 1816.454, 291.0018, 78.42849, 4.691525, 7200, 0, 0), -- 77370 (Area: 7086) (Auras: 178343 - 178343)
-- (@CGUID+69, 77361, 1159, 3, 1, '', 1856.968, 136.1396, 22.926, 0, 7200, 0, 0), -- 77361 (Area: 7086)
(@CGUID+70, 96349, 1159, 3, 1, '', 1866.892, 345.4983, 81.74379, 6.02887, 7200, 0, 0), -- 96349 (Area: 7086)
-- (@CGUID+71, 77361, 1159, 3, 1, '', 1858.429, 173.4716, 15.14253, 0, 7200, 0, 0), -- 77361 (Area: 7086)
-- (@CGUID+72, 77361, 1159, 3, 1, '', 1862.115, 73.55744, 73.68868, 0, 7200, 0, 0), -- 77361 (Area: 7086) (Auras: 156915 - 156915)
-- (@CGUID+73, 88792, 1159, 3, 1, '', 1863.913, 314.9608, 82.69797, 0.1264589, 7200, 0, 0), -- 88792 (Area: 7086)
-- (@CGUID+74, 88851, 1159, 3, 1, '', 1865.619, 315.6651, 82.70053, 3.69246, 7200, 0, 0), -- 88851 (Area: 7086)
-- (@CGUID+75, 77361, 1159, 3, 1, '', 1890.695, 52.0415, 52.22242, 0, 7200, 0, 0), -- 77361 (Area: 7086)
-- (@CGUID+76, 77361, 1159, 3, 1, '', 1912.143, 81.99383, 31.23515, 0, 7200, 0, 0), -- 77361 (Area: 7086) (Auras: 156915 - 156915)
-- (@CGUID+77, 77361, 1159, 3, 1, '', 1914.923, 118.4101, 25.3233, 0, 7200, 0, 0), -- 77361 (Area: 7086)
(@CGUID+78, 15781, 1159, 3, 1, '', 1930.936, 282.5851, 89.07868, 2.531404, 7200, 0, 0), -- 15781 (Area: 7086)
(@CGUID+79, 96348, 1159, 3, 1, '', 1928.12, 283.4948, 89.04919, 6.276183, 7200, 0, 0), -- 96348 (Area: 7086)
-- (@CGUID+80, 85312, 1159, 3, 1, '', 1824.822, 282.9768, 78.59153, 4.46098, 7200, 0, 0), -- 85312 (Area: 7086) (Auras: 178343 - 178343)
-- (@CGUID+81, 85312, 1159, 3, 1, '', 1816.594, 284.7573, 78.42849, 5.628688, 7200, 0, 0), -- 85312 (Area: 7086) (Auras: 178343 - 178343)
(@CGUID+82, 15783, 1159, 3, 1, '', 1920.684, 294.8865, 89.04825, 2.970803, 7200, 10, 1), -- 15783 (Area: 7086) (possible waypoints or random movement)
(@CGUID+83, 96304, 1159, 3, 1, '', 1873.785, 259.8542, 76.7229, 0.784792, 7200, 0, 0), -- 96304 (Area: 7086)
(@CGUID+84, 96305, 1159, 3, 1, '', 1875.802, 256.3906, 76.7229, 0.620426, 7200, 0, 0), -- 96305 (Area: 7086)
(@CGUID+85, 96451, 1159, 3, 1, '', 1857.106, 245.1667, 76.7229, 3.634949, 7200, 0, 0), -- 96451 (Area: 7086)
(@CGUID+86, 81346, 1159, 3, 1, '', 1846.333, 241.5417, 76.7229, 0.1222742, 7200, 0, 0), -- 81346 (Area: 7086)
(@CGUID+87, 80163, 1159, 3, 1, '', 1843.458, 270.3438, 76.7229, 4.37971, 7200, 0, 0), -- 80163 (Area: 7086)
(@CGUID+88, 86470, 1159, 3, 1, '', 1883.984, 210.934, 82.46721, 3.731007, 7200, 0, 0), -- 86470 (Area: 7086)
(@CGUID+89, 96362, 1159, 3, 1, '', 1858.858, 243.2292, 76.7229, 3.746205, 7200, 0, 0), -- 96362 (Area: 7086)
-- (@CGUID+90, 77379, 1159, 3, 1, '', 1812.627, 287.6851, 78.34515, 5.566163, 7200, 10, 1), -- 77379 (Area: 7086) (possible waypoints or random movement)
(@CGUID+91, 83491, 1159, 3, 1, '', 1845.111, 231.3958, 76.43616, 0.03514041, 7200, 0, 0), -- 83491 (Area: 7086)
(@CGUID+92, 81103, 1159, 3, 1, '', 1864.33, 217.8108, 76.74498, 0.7449479, 7200, 0, 0), -- 81103 (Area: 7086)
(@CGUID+93, 77376, 1159, 3, 1, '', 1736.34, 139.0712, 76.54096, 6.199544, 7200, 0, 0), -- 77376 (Area: 7086)
(@CGUID+94, 77376, 1159, 3, 1, '', 1736.488, 131.4792, 76.53671, 2.517946, 7200, 0, 0), -- 77376 (Area: 7086)
(@CGUID+95, 89075, 1159, 3, 1, '', 1876.05, 219.6915, 76.99831, 0, 7200, 0, 0), -- 89075 (Area: 7086)
(@CGUID+96, 87957, 1159, 3, 1, '', 1881.894, 275.5849, 76.63956, 0, 7200, 0, 0), -- 87957 (Area: 7086)
(@CGUID+97, 79611, 1159, 3, 1, '', 1875.249, 225.1416, 76.70048, 5.714658, 7200, 10, 1), -- 79611 (Area: 7086) (possible waypoints or random movement)
(@CGUID+98, 83009, 1159, 3, 1, '', 1844.462, 252.6424, 76.63956, 2.95833, 7200, 10, 1), -- 83009 (Area: 7086) (possible waypoints or random movement)
(@CGUID+99, 87936, 1159, 3, 1, '', 1842.115, 247.4028, 76.63956, 1.169369, 7200, 10, 1), -- 87936 (Area: 7086) (possible waypoints or random movement)
(@CGUID+100, 81569, 1159, 3, 1, '', 1873.046, 243.0996, 76.63956, 0.9235919, 7200, 10, 1), -- 81569 (Area: 7086) (possible waypoints or random movement)
(@CGUID+101, 82865, 1159, 3, 1, '', 1863.574, 239.3687, 76.63956, 1.253608, 7200, 10, 1), -- 82865 (Area: 7086) (possible waypoints or random movement)
(@CGUID+102, 86162, 1159, 3, 1, '', 1861.764, 269.5681, 76.63956, 2.003895, 7200, 10, 1), -- 86162 (Area: 7086) (possible waypoints or random movement)
(@CGUID+103, 82177, 1159, 3, 1, '', 1869.138, 223.726, 76.76374, 2.391499, 7200, 10, 1), -- 82177 (Area: 7086) (possible waypoints or random movement)
-- (@CGUID+104, 81653, 1159, 3, 1, '', 1835.014, 200.4946, 73.51221, 1.125365, 7200, 0, 0), -- 81653 (Area: 7086)
-- (@CGUID+105, 81653, 1159, 3, 1, '', 1823.804, 234.1482, 73.70185, 0.7253819, 7200, 0, 0), -- 81653 (Area: 7086)
-- (@CGUID+106, 81653, 1159, 3, 1, '', 1815.73, 233.8058, 81.76345, 6.122015, 7200, 0, 0), -- 81653 (Area: 7086)
(@CGUID+107, 81163, 1159, 3, 1, '', 1999.432, 176.6215, 81.10903, 0, 7200, 0, 0), -- 81163 (Area: 7086)
-- (@CGUID+108, 81653, 1159, 3, 1, '', 1824.876, 228.991, 73.71123, 5.231961, 7200, 0, 0), -- 81653 (Area: 7086)
(@CGUID+109, 88779, 1159, 3, 1, '', 1847.37, 223.6094, 75.94056, 0.4215442, 7200, 10, 1), -- 88779 (Area: 7086) (possible waypoints or random movement)
-- (@CGUID+110, 81653, 1159, 3, 1, '', 1826.587, 231.3266, 73.63657, 1.77377, 7200, 0, 0), -- 81653 (Area: 7086)
(@CGUID+111, 81163, 1159, 3, 1, '', 2021.602, 200.5434, 81.13434, 0, 7200, 0, 0), -- 81163 (Area: 7086)
(@CGUID+112, 81163, 1159, 3, 1, '', 2007.587, 189.2535, 81.26966, 0, 7200, 0, 0), -- 81163 (Area: 7086)
-- (@CGUID+113, 81653, 1159, 3, 1, '', 1837.91, 198.2331, 80.69765, 0.05617332, 7200, 0, 0), -- 81653 (Area: 7086)
-- (@CGUID+114, 81653, 1159, 3, 1, '', 1814.907, 227.7731, 73.70038, 4.2146, 7200, 0, 0), -- 81653 (Area: 7086)
-- (@CGUID+115, 81653, 1159, 3, 1, '', 1812.133, 230.1831, 80.88583, 3.145409, 7200, 0, 0), -- 81653 (Area: 7086)
-- (@CGUID+116, 81653, 1159, 3, 1, '', 1823.536, 196.3347, 73.44839, 4.967671, 7200, 0, 0), -- 81653 (Area: 7086)
-- (@CGUID+117, 81653, 1159, 3, 1, '', 1826.463, 193.6627, 73.51368, 3.919332, 7200, 0, 0), -- 81653 (Area: 7086)
(@CGUID+118, 81163, 1159, 3, 1, '', 2040.276, 194.6319, 81.20154, 0, 7200, 0, 0), -- 81163 (Area: 7086)
(@CGUID+119, 15782, 1159, 3, 1, '', 1855.944, 167.7396, 79.37848, 1.74903, 7200, 0, 0), -- 15782 (Area: 7086)
(@CGUID+120, 82436, 1159, 3, 1, '', 2028.413, 182.2407, 84.46085, 4.128537, 7200, 0, 0), -- 82436 (Area: 7086) (Auras: 154848 - 154848)
-- (@CGUID+121, 81653, 1159, 3, 1, '', 1834.508, 194.4271, 81.57528, 3.03278, 7200, 0, 0), -- 81653 (Area: 7086)
(@CGUID+122, 89298, 1159, 3, 1, '', 1860.144, 182.5321, 78.86681, 1.276881, 7200, 10, 1), -- 89298 (Area: 7086) (Auras: 178343 - 178343) (possible waypoints or random movement)
-- (@CGUID+123, 81653, 1159, 3, 1, '', 1825.123, 198.7567, 73.52306, 2.142725, 7200, 0, 0), -- 81653 (Area: 7086)
(@CGUID+124, 23001, 1159, 3, 1, '', 1854.278, 170.191, 79.1692, 5.635721, 7200, 0, 0), -- 23001 (Area: 7086)
(@CGUID+125, 15784, 1159, 3, 1, '', 1784.833, 195.2535, 70.62848, 0.5968059, 7200, 0, 0), -- 15784 (Area: 7086)
(@CGUID+126, 15794, 1159, 3, 1, '', 1787.642, 196.1736, 70.44971, 3.193865, 7200, 0, 0), -- 15794 (Area: 7086)
-- (@CGUID+127, 81653, 1159, 3, 1, '', 1811.611, 191.0803, 78.78662, 0.1172624, 7200, 0, 0), -- 81653 (Area: 7086)
(@CGUID+128, 77903, 1159, 3, 1, '', 1845.01, 138.3648, 79.0926, 2.208641, 7200, 0, 0), -- 77903 (Area: 7086)
-- (@CGUID+129, 81653, 1159, 3, 1, '', 1798.815, 190.8222, 71.61202, 2.203815, 7200, 0, 0), -- 81653 (Area: 7086)
-- (@CGUID+130, 81653, 1159, 3, 1, '', 1797.38, 188.3079, 71.53736, 5.028698, 7200, 0, 0), -- 81653 (Area: 7086)
-- (@CGUID+131, 81653, 1159, 3, 1, '', 1808.582, 193.1608, 71.60117, 1.186454, 7200, 0, 0), -- 81653 (Area: 7086)
-- (@CGUID+132, 81653, 1159, 3, 1, '', 1800.465, 185.8196, 71.60264, 3.980421, 7200, 0, 0), -- 81653 (Area: 7086)
(@CGUID+133, 79778, 1159, 3, 1, '', 1754.139, 293.224, 77.70154, 5.457002, 7200, 0, 0), -- 79778 (Area: 7086)
(@CGUID+134, 77355, 1159, 3, 1, '', 1757.75, 283.8246, 77.41278, 4.45221, 7200, 0, 0), -- 77355 (Area: 7086)
(@CGUID+135, 77424, 1159, 3, 1, '', 1759.191, 291.7917, 77.73993, 2.831343, 7200, 0, 0), -- 77424 (Area: 7086)
(@CGUID+136, 85514, 1159, 3, 1, '', 1862.214, 140, 78.37469, 2.645209, 7200, 0, 0), -- 85514 (Area: 7086)
-- (@CGUID+137, 81653, 1159, 3, 1, '', 1808.447, 187.0737, 79.66425, 3.093869, 7200, 0, 0), -- 81653 (Area: 7086)
(@CGUID+138, 85344, 1159, 3, 1, '', 1847.684, 143.3281, 78.37469, 1.177119, 7200, 0, 0), -- 85344 (Area: 7086)
(@CGUID+139, 77425, 1159, 3, 1, '', 1754.035, 291.6198, 78.50121, 1.757131, 7200, 0, 0), -- 77425 (Area: 7086)
(@CGUID+140, 77369, 1159, 3, 1, '', 1845.966, 133.6479, 79.08508, 4.457488, 7200, 0, 0), -- 77369 (Area: 7086)
(@CGUID+141, 84267, 1159, 3, 1, '', 1827.922, 141.8139, 76.60421, 5.252011, 7200, 0, 0), -- 84267 (Area: 7086)
(@CGUID+142, 77730, 1159, 3, 1, '', 1899.896, 101.2778, 83.61005, 5.545474, 7200, 0, 0), -- 77730 (Area: 7086)
(@CGUID+143, 88564, 1159, 3, 1, '', 1738.462, 274.2465, 75.76186, 0.5156423, 7200, 0, 0), -- 88564 (Area: 7086)
(@CGUID+144, 80159, 1159, 3, 1, '', 1744.567, 135.8746, 76.42292, 2.327239, 7200, 10, 1), -- 80159 (Area: 7086) (possible waypoints or random movement)
(@CGUID+145, 85782, 1159, 3, 1, '', 1740.547, 274.2049, 75.53596, 2.202244, 7200, 0, 0), -- 85782 (Area: 7086)
(@CGUID+146, 81348, 1159, 3, 1, '', 1905.894, 105.5503, 83.61005, 6.208124, 7200, 0, 0), -- 81348 (Area: 7086)
(@CGUID+147, 85782, 1159, 3, 1, '', 1739.196, 275.7951, 75.71687, 5.419574, 7200, 0, 0), -- 85782 (Area: 7086)
-- (@CGUID+148, 77778, 1159, 3, 1, '', 1830.643, 195.1479, 72.74649, 0, 7200, 10, 1), -- 77778 (Area: 7086) (possible waypoints or random movement)
-- (@CGUID+149, 77382, 1159, 3, 1, '', 1825.729, 199.7427, 72.7465, 0, 7200, 0, 0), -- 77382 (Area: 7086)
-- (@CGUID+150, 85239, 1159, 3, 1, '', 1756.954, 280.9248, 77.41278, 0, 7200, 10, 1), -- 85239 (Area: 7086) (possible waypoints or random movement)
(@CGUID+151, 85782, 1159, 3, 1, '', 1692.552, 263.5347, 65.4009, 6.282464, 7200, 0, 0), -- 85782 (Area: 7086)
(@CGUID+152, 88564, 1159, 3, 1, '', 1702.927, 247.6719, 67.20625, 3.048284, 7200, 0, 0), -- 88564 (Area: 7086)
(@CGUID+153, 88915, 1159, 3, 1, '', 1727.042, 127.9549, 76.9796, 0.8603326, 7200, 0, 0), -- 88915 (Area: 7086)
(@CGUID+154, 85782, 1159, 3, 1, '', 1694.934, 263.4826, 65.37086, 3.104924, 7200, 0, 0), -- 85782 (Area: 7086)
(@CGUID+155, 88112, 1159, 3, 1, '', 1684.913, 222.0174, 60.71135, 0.9137668, 7200, 0, 0), -- 88112 (Area: 7086)
(@CGUID+156, 88559, 1159, 3, 1, '', 1692.328, 224.2986, 60.96008, 2.628684, 7200, 0, 0), -- 88559 (Area: 7086)
(@CGUID+157, 88111, 1159, 3, 1, '', 1691.188, 220.8976, 60.24879, 2.086597, 7200, 0, 0), -- 88111 (Area: 7086)
(@CGUID+158, 88892, 1159, 3, 1, '', 1729.868, 128.5017, 76.87333, 0.7502902, 7200, 0, 0), -- 88892 (Area: 7086)
(@CGUID+159, 80159, 1159, 3, 1, '', 1744.47, 128.8298, 76.41553, 6.080929, 7200, 10, 1), -- 80159 (Area: 7086) (possible waypoints or random movement)
(@CGUID+160, 85782, 1159, 3, 1, '', 1691.892, 251.3107, 63.62901, 5.706435, 7200, 10, 1), -- 85782 (Area: 7086) (possible waypoints or random movement)
(@CGUID+161, 88564, 1159, 3, 1, '', 1679.37, 237.8177, 66.08562, 1.304381, 7200, 0, 0), -- 88564 (Area: 7086)
-- (@CGUID+162, 84835, 1159, 3, 1, '', 1844.316, 218.8764, 74.98386, 0, 7200, 0, 0), -- 84835 (Area: 7086)
-- (@CGUID+163, 77777, 1159, 3, 1, '', 1815.823, 230.0659, 72.94646, 0, 7200, 10, 1), -- 77777 (Area: 7086) (possible waypoints or random movement)
-- (@CGUID+164, 77372, 1159, 3, 1, '', 1821.999, 227.3882, 72.94595, 0, 7200, 10, 1), -- 77372 (Area: 7086) (possible waypoints or random movement)
(@CGUID+165, 88559, 1159, 3, 1, '', 1676.347, 252.0069, 65.42455, 2.035552, 7200, 0, 0), -- 88559 (Area: 7086)
(@CGUID+166, 88564, 1159, 3, 1, '', 1675.533, 254.4184, 66.22954, 5.133054, 7200, 0, 0), -- 88564 (Area: 7086)
(@CGUID+167, 85782, 1159, 3, 1, '', 1674.575, 263.7899, 67.21274, 2.948102, 7200, 0, 0), -- 85782 (Area: 7086)
-- (@CGUID+168, 77365, 1159, 3, 1, '', 1800.628, 187.3108, 70.84711, 0, 7200, 0, 0), -- 77365 (Area: 7086)
-- (@CGUID+169, 77831, 1159, 3, 1, '', 1807.817, 187.747, 70.84672, 0, 7200, 0, 0), -- 77831 (Area: 7086)
-- (@CGUID+170, 84809, 1159, 3, 1, '', 1756.954, 280.9248, 77.41278, 0, 7200, 10, 1), -- 84809 (Area: 7086) (possible waypoints or random movement)
-- (@CGUID+171, 84809, 1159, 3, 1, '', 1921.39, 327.7151, 89.04919, 0, 7200, 10, 1), -- 84809 (Area: 7086) (possible waypoints or random movement)
-- (@CGUID+172, 84835, 1159, 3, 1, '', 1841.18, 221.8131, 74.76977, 3.567783, 7200, 0, 0), -- 84835 (Area: 7086)
-- (@CGUID+173, 88792, 1159, 3, 1, '', 1887.899, 181.7758, 79.011, 3.475743, 7200, 0, 0), -- 88792 (Area: 7086)
-- (@CGUID+174, 77365, 1159, 3, 1, '', 1821.055, 226.7921, 72.90004, 0.3298721, 7200, 10, 1), -- 77365 (Area: 7086) (possible waypoints or random movement)
--  (@CGUID+175, 77831, 1159, 3, 1, '', 1819.325, 232.8831, 72.92693, 1.817619, 7200, 10, 1), -- 77831 (Area: 7086) (possible waypoints or random movement)
-- (@CGUID+176, 88851, 1159, 3, 1, '', 1887.271, 193.431, 79.00206, 1.395234, 7200, 0, 0), -- 88851 (Area: 7086)
-- (@CGUID+177, 84248, 1159, 3, 1, '', 1880.588, 185.8244, 79.00694, 4.311556, 7200, 10, 1), -- 84248 (Area: 7086) (possible waypoints or random movement)
(@CGUID+178, 77733, 1159, 3, 1, '', 2023.008, 187.3028, 84.61658, 1.543545, 7200, 10, 1), -- 77733 (Area: 7086) (possible waypoints or random movement)
-- (@CGUID+179, 77777, 1159, 3, 1, '', 1804.175, 191.1108, 70.84709, 1.86928, 7200, 0, 0), -- 77777 (Area: 7086)
-- (@CGUID+180, 77372, 1159, 3, 1, '', 1800.248, 187.0427, 70.8474, 3.817526, 7200, 0, 0), -- 77372 (Area: 7086)
(@CGUID+181, 23006, 1159, 3, 1, '', 1938.668, 92.63368, 84.82118, 6.152884, 7200, 0, 0), -- 23006 (Area: 7086)
(@CGUID+182, 88316, 1159, 3, 1, '', 1931.403, 65.20313, 85.71055, 0.2664636, 7200, 0, 0), -- 88316 (Area: 7086) (Auras: 167347 - 167347)
(@CGUID+183, 87318, 1159, 3, 1, '', 1930.72, 69.44791, 85.61252, 6.179341, 7200, 0, 0), -- 87318 (Area: 7086) (Auras: )
(@CGUID+184, 77355, 1159, 3, 1, '', 1951.005, 73.86111, 85.45653, 2.612859, 7200, 0, 0), -- 77355 (Area: 7086)
(@CGUID+185, 85708, 1159, 3, 1, '', 2025.147, 166.8661, 84.56506, 4.981513, 7200, 10, 1), -- 85708 (Area: 7086) (Auras: ) (possible waypoints or random movement)
(@CGUID+186, 88314, 1159, 3, 1, '', 1933.227, 60.98438, 85.617, 0.6308373, 7200, 0, 0), -- 88314 (Area: 7086)
(@CGUID+187, 15781, 1159, 3, 1, '', 1941.446, 91.59202, 85.00174, 2.54109, 7200, 0, 0), -- 15781 (Area: 7086)
(@CGUID+188, 86583, 1159, 3, 1, '', 1962.781, 67.26563, 109.0145, 6.121375, 7200, 0, 0), -- 86583 (Area: 7086) (Auras: 174827 - 174827)
(@CGUID+189, 86583, 1159, 3, 1, '', 1969.929, 64.80209, 109.0051, 2.970911, 7200, 0, 0); -- 86583 (Area: 7086) (Auras: 174827 - 174827)
-- (@CGUID+190, 84835, 1159, 3, 1, '', 1849.109, 225.1173, 76.32963, 0.9158351, 7200, 0, 0), -- 84835 (Area: 7086)
-- (@CGUID+191, 77777, 1159, 3, 1, '', 1832.738, 196.014, 72.73141, 5.046248, 7200, 10, 1), -- 77777 (Area: 7086) (possible waypoints or random movement)
-- (@CGUID+192, 77372, 1159, 3, 1, '', 1826.322, 194.8967, 72.75842, 3.756433, 7200, 10, 1), -- 77372 (Area: 7086) (possible waypoints or random movement)
-- (@CGUID+193, 77778, 1159, 3, 1, '', 1799.719, 188.5345, 70.83546, 3.636302, 7200, 0, 0), -- 77778 (Area: 7086)
-- (@CGUID+194, 77382, 1159, 3, 1, '', 1804.546, 187.5572, 70.83546, 4.452591, 7200, 0, 0), -- 77382 (Area: 7086)
-- (@CGUID+195, 85239, 1159, 3, 1, '', 1752.906, 272.5642, 76.84347, 4.443125, 7200, 0, 0), -- 85239 (Area: 7086)
-- (@CGUID+196, 84809, 1159, 3, 1, '', 1921.39, 327.7151, 89.04919, 0, 7200, 10, 1), -- 84809 (Area: 7086) (possible waypoints or random movement)
-- (@CGUID+197, 77778, 1159, 3, 1, '', 1816.848, 228.453, 72.94518, 3.251366, 7200, 0, 0), -- 77778 (Area: 7086)
-- (@CGUID+198, 77382, 1159, 3, 1, '', 1823.37, 234.0959, 72.93466, 2.186156, 7200, 0, 0), -- 77382 (Area: 7086)
-- (@CGUID+199, 77365, 1159, 3, 1, '', 1806.322, 194.3784, 70.8471, 2.398849, 7200, 0, 0), -- 77365 (Area: 7086)
-- (@CGUID+200, 77831, 1159, 3, 1, '', 1802.363, 193.4396, 70.80083, 6.064627, 7200, 0, 0), -- 77831 (Area: 7086)
-- (@CGUID+201, 85239, 1159, 3, 1, '', 1944.095, 100.0322, 84.84135, 2.292235, 7200, 0, 0); -- 85239 (Area: 7086)

INSERT IGNORE INTO `creature_addon` (`guid`, `mount`, `bytes1`, `bytes2`, `auras`) VALUES
(@CGUID+0, 0, 0x0, 0x1, ''), -- 61081
(@CGUID+1, 0, 0x0, 0x1, ''), -- 32520
(@CGUID+2, 0, 0x0, 0x1, ''), -- 61081
(@CGUID+3, 0, 0x0, 0x1, ''), -- 73636
(@CGUID+4, 0, 0x0, 0x1, ''), -- 32520
(@CGUID+5, 0, 0x0, 0x1, ''), -- 61080
(@CGUID+6, 0, 0x2000000, 0x1, ''), -- 73637
(@CGUID+7, 0, 0x0, 0x1, ''), -- 61080
(@CGUID+8, 27913, 0x3000000, 0x101, ''), -- 51348
(@CGUID+9, 0, 0x0, 0x1, ''), -- 86018
(@CGUID+10, 0, 0x0, 0x101, ''), -- 79953
(@CGUID+11, 0, 0x0, 0x1, '133464'), -- 81152 - 133464 - 133464
(@CGUID+12, 0, 0x0, 0x101, ''), -- 77209
(@CGUID+13, 0, 0x0, 0x101, ''), -- 95470
(@CGUID+14, 0, 0x0, 0x1, ''), -- 84455
(@CGUID+15, 0, 0x0, 0x101, ''), -- 84246
(@CGUID+16, 0, 0x0, 0x1, ''), -- 85839
(@CGUID+17, 0, 0x0, 0x0, '182938'), -- 92213 - 182938 - 182938
(@CGUID+18, 0, 0x0, 0x1, '160955'), -- 91913 - 160955 - 160955
(@CGUID+19, 0, 0x0, 0x1, ''), -- 93142
(@CGUID+20, 0, 0x0, 0x0, ''), -- 92219
(@CGUID+21, 0, 0x0, 0x1, ''), -- 84698
(@CGUID+22, 0, 0x0, 0x1, ''), -- 88633
(@CGUID+23, 0, 0x0, 0x0, '178343'), -- 78564 - 178343 - 178343
(@CGUID+24, 0, 0x0, 0x1, ''), -- 85857
(@CGUID+25, 0, 0x0, 0x0, '178343'), -- 77370 - 178343 - 178343
(@CGUID+26, 0, 0x0, 0x1, ''), -- 84175
(@CGUID+27, 0, 0x0, 0x1, ''), -- 84248
(@CGUID+28, 0, 0x1, 0x1, ''), -- 94870
(@CGUID+29, 0, 0x0, 0x0, '178343'), -- 77370 - 178343 - 178343
(@CGUID+30, 0, 0x0, 0x101, ''), -- 82776
(@CGUID+31, 0, 0x0, 0x101, ''), -- 94512
(@CGUID+32, 0, 0x0, 0x1, ''), -- 91589
(@CGUID+33, 0, 0x0, 0x0, '178343'), -- 77370 - 178343 - 178343
(@CGUID+34, 0, 0x0, 0x101, ''), -- 77617
(@CGUID+35, 0, 0x0, 0x1, ''), -- 88598
(@CGUID+36, 0, 0x0, 0x101, ''), -- 85418
(@CGUID+37, 0, 0x0, 0x0, '178343'), -- 77370 - 178343 - 178343
(@CGUID+38, 0, 0x0, 0x101, ''), -- 77617
(@CGUID+39, 0, 0x0, 0x1, ''), -- 80026
(@CGUID+40, 0, 0x0, 0x0, '178343'), -- 77370 - 178343 - 178343
(@CGUID+41, 0, 0x0, 0x101, ''), -- 77617
(@CGUID+42, 0, 0x1, 0x1, ''), -- 84776
(@CGUID+43, 0, 0x0, 0x0, '178343'), -- 85312 - 178343 - 178343
(@CGUID+44, 0, 0x0, 0x0, '178343'), -- 77370 - 178343 - 178343
(@CGUID+45, 0, 0x0, 0x0, '178343'), -- 85312 - 178343 - 178343
(@CGUID+46, 0, 0x3000000, 0x1, ''), -- 79603
(@CGUID+47, 0, 0x0, 0x101, ''), -- 77361
(@CGUID+48, 0, 0x0, 0x101, '156915'), -- 77361 - 156915 - 156915
(@CGUID+49, 0, 0x0, 0x101, ''), -- 77361
(@CGUID+50, 0, 0x0, 0x101, ''), -- 77361
(@CGUID+51, 0, 0x0, 0x0, '178343'), -- 85312 - 178343 - 178343
(@CGUID+52, 0, 0x0, 0x101, ''), -- 77361
(@CGUID+53, 0, 0x0, 0x0, '178343'), -- 77370 - 178343 - 178343
(@CGUID+54, 0, 0x0, 0x1, ''), -- 85737
(@CGUID+55, 0, 0x0, 0x0, '178343'), -- 77370 - 178343 - 178343
(@CGUID+56, 0, 0x0, 0x1, ''), -- 81491
(@CGUID+57, 0, 0x0, 0x0, '178343'), -- 77370 - 178343 - 178343
(@CGUID+58, 0, 0x0, 0x1, ''), -- 89259
(@CGUID+59, 0, 0x0, 0x1, ''), -- 82466
(@CGUID+60, 0, 0x0, 0x101, ''), -- 77361
(@CGUID+61, 0, 0x0, 0x1, ''), -- 83858
(@CGUID+62, 0, 0x0, 0x101, ''), -- 15781
(@CGUID+63, 0, 0x0, 0x101, ''), -- 77361
(@CGUID+64, 0, 0x0, 0x1, ''), -- 89763
(@CGUID+65, 0, 0x0, 0x101, '156915'), -- 77361 - 156915 - 156915
(@CGUID+66, 0, 0x0, 0x1, ''), -- 81492
(@CGUID+67, 0, 0x0, 0x1, ''), -- 77376
(@CGUID+68, 0, 0x0, 0x0, '178343'), -- 77370 - 178343 - 178343
(@CGUID+69, 0, 0x0, 0x101, ''), -- 77361
(@CGUID+70, 0, 0x0, 0x101, ''), -- 96349
(@CGUID+71, 0, 0x0, 0x101, ''), -- 77361
(@CGUID+72, 0, 0x0, 0x101, '156915'), -- 77361 - 156915 - 156915
(@CGUID+73, 0, 0x0, 0x1, ''), -- 88792
(@CGUID+74, 0, 0x0, 0x1, ''), -- 88851
(@CGUID+75, 0, 0x0, 0x101, ''), -- 77361
(@CGUID+76, 0, 0x0, 0x101, '156915'), -- 77361 - 156915 - 156915
(@CGUID+77, 0, 0x0, 0x101, ''), -- 77361
(@CGUID+78, 0, 0x0, 0x101, ''), -- 15781
(@CGUID+79, 0, 0x0, 0x101, ''), -- 96348
(@CGUID+80, 0, 0x0, 0x0, '178343'), -- 85312 - 178343 - 178343
(@CGUID+81, 0, 0x0, 0x0, '178343'), -- 85312 - 178343 - 178343
(@CGUID+82, 0, 0x0, 0x101, ''), -- 15783
(@CGUID+83, 0, 0x0, 0x101, ''), -- 96304
(@CGUID+84, 0, 0x0, 0x101, ''), -- 96305
(@CGUID+85, 0, 0x0, 0x1, ''), -- 96451
(@CGUID+86, 0, 0x0, 0x101, ''), -- 81346
(@CGUID+87, 0, 0x0, 0x1, ''), -- 80163
(@CGUID+88, 0, 0x3000000, 0x1, ''), -- 86470
(@CGUID+89, 0, 0x0, 0x1, ''), -- 96362
(@CGUID+90, 0, 0x0, 0x101, ''), -- 77379
(@CGUID+91, 0, 0x0, 0x101, ''), -- 83491
(@CGUID+92, 0, 0x0, 0x1, ''), -- 81103
(@CGUID+93, 0, 0x0, 0x1, ''), -- 77376
(@CGUID+94, 0, 0x0, 0x1, ''), -- 77376
(@CGUID+95, 0, 0x0, 0x1, ''), -- 89075
(@CGUID+96, 0, 0x0, 0x1, ''), -- 87957
(@CGUID+97, 0, 0x0, 0x1, ''), -- 79611
(@CGUID+98, 0, 0x5, 0x1, ''), -- 83009
(@CGUID+99, 0, 0x5, 0x1, ''), -- 87936
(@CGUID+100, 0, 0x0, 0x1, ''), -- 81569
(@CGUID+101, 0, 0x0, 0x1, ''), -- 82865
(@CGUID+102, 0, 0x0, 0x1, ''), -- 86162
(@CGUID+103, 0, 0x0, 0x1, ''), -- 82177
(@CGUID+104, 0, 0x0, 0x1, ''), -- 81653
(@CGUID+105, 0, 0x0, 0x1, ''), -- 81653
(@CGUID+106, 0, 0x8, 0x1, ''), -- 81653
(@CGUID+107, 0, 0x0, 0x1, ''), -- 81163
(@CGUID+108, 0, 0x0, 0x1, ''), -- 81653
(@CGUID+109, 0, 0x0, 0x1, ''), -- 88779
(@CGUID+110, 0, 0x0, 0x1, ''), -- 81653
(@CGUID+111, 0, 0x0, 0x1, ''), -- 81163
(@CGUID+112, 0, 0x0, 0x1, ''), -- 81163
(@CGUID+113, 0, 0x0, 0x1, ''), -- 81653
(@CGUID+114, 0, 0x0, 0x1, ''), -- 81653
(@CGUID+115, 0, 0x0, 0x1, ''), -- 81653
(@CGUID+116, 0, 0x0, 0x1, ''), -- 81653
(@CGUID+117, 0, 0x0, 0x1, ''), -- 81653
(@CGUID+118, 0, 0x0, 0x1, ''), -- 81163
(@CGUID+119, 0, 0x0, 0x101, ''), -- 15782
(@CGUID+120, 0, 0x0, 0x1, '154848'), -- 82436 - 154848 - 154848
(@CGUID+121, 0, 0x8, 0x1, ''), -- 81653
(@CGUID+122, 0, 0x0, 0x0, '178343'), -- 89298 - 178343 - 178343
(@CGUID+123, 0, 0x0, 0x1, ''), -- 81653
(@CGUID+124, 0, 0x0, 0x101, ''), -- 23001
(@CGUID+125, 0, 0x0, 0x101, ''), -- 15784
(@CGUID+126, 0, 0x0, 0x101, ''), -- 15794
(@CGUID+127, 0, 0x0, 0x1, ''), -- 81653
(@CGUID+128, 0, 0x0, 0x1, ''), -- 77903
(@CGUID+129, 0, 0x0, 0x1, ''), -- 81653
(@CGUID+130, 0, 0x0, 0x1, ''), -- 81653
(@CGUID+131, 0, 0x0, 0x1, ''), -- 81653
(@CGUID+132, 0, 0x0, 0x1, ''), -- 81653
(@CGUID+133, 0, 0x0, 0x1, ''), -- 79778
(@CGUID+134, 0, 0x0, 0x101, ''), -- 77355
(@CGUID+135, 0, 0x3, 0x1, ''), -- 77424
(@CGUID+136, 0, 0x0, 0x1, ''), -- 85514
(@CGUID+137, 0, 0x8, 0x1, ''), -- 81653
(@CGUID+138, 0, 0x0, 0x1, ''), -- 85344
(@CGUID+139, 0, 0x1, 0x1, ''), -- 77425
(@CGUID+140, 0, 0x0, 0x101, ''), -- 77369
(@CGUID+141, 0, 0x0, 0x1, ''), -- 84267
(@CGUID+142, 0, 0x0, 0x1, ''), -- 77730
(@CGUID+143, 0, 0x3000000, 0x1, ''), -- 88564
(@CGUID+144, 0, 0x0, 0x101, ''), -- 80159
(@CGUID+145, 0, 0x0, 0x0, ''), -- 85782
(@CGUID+146, 0, 0x0, 0x101, ''), -- 81348
(@CGUID+147, 0, 0x0, 0x0, ''), -- 85782
(@CGUID+148, 0, 0x0, 0x101, ''), -- 77778
(@CGUID+149, 0, 0x0, 0x101, ''), -- 77382
(@CGUID+150, 0, 0x0, 0x101, ''), -- 85239
(@CGUID+151, 0, 0x0, 0x0, ''), -- 85782
(@CGUID+152, 0, 0x1, 0x1, ''), -- 88564
(@CGUID+153, 0, 0x0, 0x1, ''), -- 88915
(@CGUID+154, 0, 0x0, 0x0, ''), -- 85782
(@CGUID+155, 0, 0x0, 0x1, ''), -- 88112
(@CGUID+156, 0, 0x0, 0x1, ''), -- 88559
(@CGUID+157, 0, 0x0, 0x0, ''), -- 88111
(@CGUID+158, 0, 0x0, 0x1, ''), -- 88892
(@CGUID+159, 0, 0x0, 0x101, ''), -- 80159
(@CGUID+160, 0, 0x0, 0x0, ''), -- 85782
(@CGUID+161, 0, 0x1, 0x1, ''), -- 88564
(@CGUID+162, 0, 0x0, 0x101, ''), -- 84835
(@CGUID+163, 0, 0x0, 0x101, ''), -- 77777
(@CGUID+164, 0, 0x0, 0x101, ''), -- 77372
(@CGUID+165, 0, 0x1, 0x1, ''), -- 88559
(@CGUID+166, 0, 0x1, 0x1, ''), -- 88564
(@CGUID+167, 0, 0x0, 0x0, ''), -- 85782
(@CGUID+168, 0, 0x0, 0x101, ''), -- 77365
(@CGUID+169, 0, 0x0, 0x101, ''), -- 77831
(@CGUID+170, 0, 0x0, 0x101, ''), -- 84809
(@CGUID+171, 0, 0x0, 0x101, ''), -- 84809
(@CGUID+172, 0, 0x0, 0x101, ''), -- 84835
(@CGUID+173, 0, 0x0, 0x1, ''), -- 88792
(@CGUID+174, 0, 0x0, 0x101, ''), -- 77365
(@CGUID+175, 0, 0x6, 0x101, ''), -- 77831
(@CGUID+176, 0, 0x0, 0x1, ''), -- 88851
(@CGUID+177, 0, 0x0, 0x1, ''), -- 84248
(@CGUID+178, 0, 0x0, 0x1, ''), -- 77733
(@CGUID+179, 0, 0x0, 0x101, ''), -- 77777
(@CGUID+180, 0, 0x0, 0x101, ''), -- 77372
(@CGUID+181, 0, 0x0, 0x101, ''), -- 23006
(@CGUID+182, 0, 0x0, 0x1, '167347'), -- 88316 - 167347 - 167347
(@CGUID+183, 0, 0x0, 0x1, ''), -- 87318
(@CGUID+184, 0, 0x0, 0x101, ''), -- 77355
(@CGUID+185, 0, 0x8, 0x1, ''), -- 85708
(@CGUID+186, 0, 0x0, 0x1, ''), -- 88314
(@CGUID+187, 0, 0x0, 0x101, ''), -- 15781
(@CGUID+188, 0, 0x0, 0x1, '174827'), -- 86583 - 174827 - 174827
(@CGUID+189, 0, 0x0, 0x1, '174827'), -- 86583 - 174827 - 174827
(@CGUID+190, 0, 0x0, 0x101, ''), -- 84835
(@CGUID+191, 0, 0x0, 0x101, ''), -- 77777
(@CGUID+192, 0, 0x0, 0x101, ''), -- 77372
(@CGUID+193, 0, 0x0, 0x101, ''), -- 77778
(@CGUID+194, 0, 0x0, 0x101, ''), -- 77382
(@CGUID+195, 0, 0x0, 0x101, ''), -- 85239
(@CGUID+196, 0, 0x0, 0x101, ''), -- 84809
(@CGUID+197, 0, 0x0, 0x101, ''), -- 77778
(@CGUID+198, 0, 0x8, 0x101, ''), -- 77382
(@CGUID+199, 0, 0x0, 0x101, ''), -- 77365
(@CGUID+200, 0, 0x0, 0x101, ''), -- 77831
(@CGUID+201, 0, 0x0, 0x101, ''); -- 85239

INSERT INTO `gameobject` (`guid`, `id`, `map`, `spawnMask`, `phaseMask`, `phaseId`, `position_x`, `position_y`, `position_z`, `orientation`, `rotation0`, `rotation1`, `rotation2`, `rotation3`, `spawntimesecs`, `animprogress`, `state`) VALUES
(@OGUID+7, 235373, 1159, 3, 1, '', 1914.083, 354.1875, 88.96585, 4.40688, 0, 0, 0, 1, 7200, 255, 1), -- 235373 (Area: 7086)
(@OGUID+8, 224812, 1159, 3, 1, '', 1864.955, 320.2083, 81.66045, 4.799657, 0, 0, -0.6755902, 0.7372774, 7200, 255, 1), -- 224812 (Area: 7086)
(@OGUID+9, 234663, 1159, 3, 1, '', 1930.687, 337.686, 90.39164, 0.5280718, 0, 0, 0.9612617, -0.2756374, 7200, 255, 1), -- 234663 (Area: 7086)
(@OGUID+10, 237059, 1159, 3, 1, '', 1929.076, 340.4707, 90.39863, 0.4712385, 0, 0, 0.9612617, -0.2756374, 7200, 255, 1), -- 237059 (Area: 7086)
(@OGUID+11, 234668, 1159, 3, 1, '', 1926.203, 345.6078, 91.74793, 0.4465511, 0, 0, 0.9612617, -0.2756374, 7200, 255, 1), -- 234668 (Area: 7086)
(@OGUID+12, 234660, 1159, 3, 1, '', 1936.203, 328.7559, 90.39164, 0.6412119, 0, 0, 0.9612617, -0.2756374, 7200, 255, 1), -- 234660 (Area: 7086)
(@OGUID+13, 234640, 1159, 3, 1, '', 1940.077, 333.0728, 90.27103, 0.593412, 0, 0, 0.9612617, -0.2756374, 7200, 255, 1), -- 234640 (Area: 7086)
(@OGUID+14, 234669, 1159, 3, 1, '', 1934.96, 331.0448, 90.38619, 0.5410506, 0, 0, 0.9612617, -0.2756374, 7200, 255, 1), -- 234669 (Area: 7086)
(@OGUID+15, 234649, 1159, 3, 1, '', 1944.784, 332.6939, 90.27103, 3.647741, 0, 0, 0.9612617, -0.2756374, 7200, 255, 1), -- 234649 (Area: 7086)
(@OGUID+16, 234661, 1159, 3, 1, '', 1932, 335.5843, 90.39164, 0.4666791, 0, 0, 0.9612617, -0.2756374, 7200, 255, 1), -- 234661 (Area: 7086)
(@OGUID+17, 234639, 1159, 3, 1, '', 1940.703, 335.2754, 90.28912, 5.340709, 0, 0, 0.9612617, -0.2756374, 7200, 255, 1), -- 234639 (Area: 7086)
(@OGUID+18, 234641, 1159, 3, 1, '', 1941.536, 330.7372, 90.27103, 0.5061446, 0, 0, 0.9612617, -0.2756374, 7200, 255, 1), -- 234641 (Area: 7086)
(@OGUID+19, 234654, 1159, 3, 1, '', 1939.626, 350.4617, 91.70918, 3.647741, 0, 0, 0.9612617, -0.2756374, 7200, 255, 1), -- 234654 (Area: 7086)
(@OGUID+20, 234666, 1159, 3, 1, '', 1927.57, 343.0993, 91.74793, 0.7083507, 0, 0, 0.9612617, -0.2756374, 7200, 255, 1), -- 234666 (Area: 7086)
(@OGUID+21, 234667, 1159, 3, 1, '', 1926.854, 344.4121, 91.74793, 0.6210833, 0, 0, 0.9612617, -0.2756374, 7200, 255, 1), -- 234667 (Area: 7086)
(@OGUID+22, 234652, 1159, 3, 1, '', 1938.112, 352.8843, 91.70918, 3.909541, 0, 0, 0.9612617, -0.2756374, 7200, 255, 1), -- 234652 (Area: 7086)
(@OGUID+23, 234659, 1159, 3, 1, '', 1933.407, 333.3675, 90.39164, 0.7284802, 0, 0, 0.9612617, -0.2756374, 7200, 255, 1), -- 234659 (Area: 7086)
(@OGUID+24, 234664, 1159, 3, 1, '', 1948.103, 336.1421, 90.39164, 3.870078, 0, 0, 0.9612617, -0.2756374, 7200, 255, 1), -- 234664 (Area: 7086)
(@OGUID+25, 237060, 1159, 3, 1, '', 1931.615, 349.8193, 91.73631, 5.340709, 0, 0, 0.9612617, -0.2756374, 7200, 255, 1), -- 237060 (Area: 7086)
(@OGUID+26, 234644, 1159, 3, 1, '', 1940.824, 331.8763, 90.27103, 0.6806767, 0, 0, 0.9612617, -0.2756374, 7200, 255, 1), -- 234644 (Area: 7086)
(@OGUID+27, 234653, 1159, 3, 1, '', 1938.904, 351.6165, 91.70918, 3.822273, 0, 0, 0.9612617, -0.2756374, 7200, 255, 1), -- 234653 (Area: 7086)
(@OGUID+28, 234665, 1159, 3, 1, '', 1945.331, 340.7535, 90.39164, 3.782807, 0, 0, 0.9612617, -0.2756374, 7200, 255, 1), -- 234665 (Area: 7086)
(@OGUID+29, 234670, 1159, 3, 1, '', 1946.941, 338.5551, 90.39008, 3.700105, 0, 0, 0.9612617, -0.2756374, 7200, 255, 1), -- 234670 (Area: 7086)
(@OGUID+30, 234650, 1159, 3, 1, '', 1944.062, 333.8487, 90.27103, 3.822273, 0, 0, 0.9612617, -0.2756374, 7200, 255, 1), -- 234650 (Area: 7086)
(@OGUID+31, 234662, 1159, 3, 1, '', 1931.354, 336.6184, 90.39164, 0.5670493, 0, 0, 0.9612617, -0.2756374, 7200, 255, 1), -- 234662 (Area: 7086)
(@OGUID+32, 237058, 1159, 3, 1, '', 1931.432, 339.7428, 90.39219, 5.471609, 0, 0, 0.9612617, -0.2756374, 7200, 255, 1), -- 237058 (Area: 7086)
(@OGUID+33, 234651, 1159, 3, 1, '', 1943.27, 335.1165, 90.27103, 3.909541, 0, 0, 0.9612617, -0.2756374, 7200, 255, 1), -- 234651 (Area: 7086)
(@OGUID+34, 230287, 1159, 3, 1, '', 1918.637, 228.7674, 76.63956, 2.775069, 0, 0, 0, 1, 7200, 255, 1), -- 230287 (Area: 7086)
(@OGUID+35, 234643, 1159, 3, 1, '', 1943.83, 327.2724, 90.27103, 0.7679439, 0, 0, 0.9612617, -0.2756374, 7200, 255, 1), -- 234643 (Area: 7086)
(@OGUID+36, 233177, 1159, 3, 1, '', 1860.825, 274.842, 76.63822, 5.122542, 0, 0, 0, 1, 7200, 255, 1), -- 233177 (Area: 7086)
(@OGUID+37, 230127, 1159, 3, 1, '', 1927.694, 294.151, 88.96585, 3.691375, 0, 0, 0, 1, 7200, 255, 1), -- 230127 (Area: 7086)
(@OGUID+38, 234648, 1159, 3, 1, '', 1945.447, 331.6329, 90.27103, 3.647741, 0, 0, 0.9612617, -0.2756374, 7200, 255, 1), -- 234648 (Area: 7086)
(@OGUID+39, 232379, 1159, 3, 1, '', 1920.177, 306.5764, 88.96528, 3.72628, 0, 0, 0, 1, 7200, 255, 1), -- 232379 (Area: 7086)
(@OGUID+40, 237056, 1159, 3, 1, '', 1929.828, 318.9319, 89.50776, 0.5934101, 0, 0, 0.9612617, -0.2756374, 7200, 255, 1), -- 237056 (Area: 7086)
(@OGUID+41, 224798, 1159, 3, 1, '', 1814.323, 286.3941, 76.62489, 5.628688, 0, 0, -0.3214394, 0.9469301, 7200, 255, 1), -- 224798 (Area: 7086)
(@OGUID+42, 233380, 1159, 3, 1, '', 1945.84, 252.8472, 76.61308, 1.788962, 0, 0, 0, 1, 7200, 255, 1), -- 233380 (Area: 7086)
(@OGUID+43, 237057, 1159, 3, 1, '', 1932.351, 315.0547, 89.55441, 0.5410506, 0, 0, 0.9612617, -0.2756374, 7200, 255, 1), -- 237057 (Area: 7086)
(@OGUID+44, 237062, 1159, 3, 1, '', 1949.744, 332.3904, 90.41348, 5.131269, 0, 0, 0.9612617, -0.2756374, 7200, 255, 1), -- 237062 (Area: 7086)
(@OGUID+45, 225538, 1159, 3, 1, '', 1845.083, 146.2743, 53.41686, 0.3490652, 0, 0, 0.1736482, 0.9848077, 7200, 255, 1), -- 225538 (Area: 7086)
(@OGUID+46, 234646, 1159, 3, 1, '', 1946.906, 329.2974, 90.27103, 3.735006, 0, 0, 0.9612617, -0.2756374, 7200, 255, 1), -- 234646 (Area: 7086)
(@OGUID+47, 234655, 1159, 3, 1, '', 1949.013, 326.3885, 90.2426, 4.352441, 0, 0, 0.9612617, -0.2756374, 7200, 255, 1), -- 234655 (Area: 7086)
(@OGUID+48, 234658, 1159, 3, 1, '', 1945.488, 324.9368, 90.22387, 5.804442, 0, 0, 0.9612617, -0.2756374, 7200, 255, 1), -- 234658 (Area: 7086)
(@OGUID+49, 234647, 1159, 3, 1, '', 1946.159, 330.4938, 90.27103, 3.560473, 0, 0, 0.9612617, -0.2756374, 7200, 255, 1), -- 234647 (Area: 7086)
(@OGUID+50, 232398, 1159, 3, 1, '', 1888.486, 254.5486, 76.64147, 3.447027, 0, 0, 0, 1, 7200, 255, 1), -- 232398 (Area: 7086)
(@OGUID+51, 234656, 1159, 3, 1, '', 1947.908, 326.5598, 90.2426, 4.610161, 0, 0, 0.9612617, -0.2756374, 7200, 255, 1), -- 234656 (Area: 7086)
(@OGUID+52, 239032, 1159, 3, 1, '', 1861.582, 273.0868, 77.6049, 5.113817, 0, 0, 0, 1, 7200, 255, 1), -- 239032 (Area: 7086)
(@OGUID+53, 237061, 1159, 3, 1, '', 1951.964, 329.1152, 90.39333, 2.015852, 0, 0, 0.9612617, -0.2756374, 7200, 255, 1), -- 237061 (Area: 7086)
(@OGUID+54, 234645, 1159, 3, 1, '', 1943.014, 328.3549, 90.27103, 0.6806767, 0, 0, 0.9612617, -0.2756374, 7200, 255, 1), -- 234645 (Area: 7086)
(@OGUID+55, 234657, 1159, 3, 1, '', 1945.187, 323.8599, 90.22387, 6.062162, 0, 0, 0.9612617, -0.2756374, 7200, 255, 1), -- 234657 (Area: 7086)
(@OGUID+56, 239033, 1159, 3, 1, '', 1918.571, 305.5208, 89.91259, 3.735006, 0, 0, 0, 1, 7200, 255, 1), -- 239033 (Area: 7086)
(@OGUID+57, 229613, 1159, 3, 1, '', 1893.337, 185.1684, 78.05621, 2.530723, 0, 0, 0, 1, 7200, 255, 1), -- 229613 (Area: 7086)
(@OGUID+58, 234642, 1159, 3, 1, '', 1942.21, 329.5387, 90.27103, 0.5061446, 0, 0, 0.9612617, -0.2756374, 7200, 255, 1), -- 234642 (Area: 7086)
-- (@OGUID+59, 236225, 1159, 3, 1, '', 1810.417, 293.9206, 78.34515, 5.157451, 0, 0, -0.3214388, 0.9469303, 7200, 255, 1), -- 236225 (Area: 7086)
(@OGUID+60, 233123, 1159, 3, 1, '', 1842.368, 250.2951, 76.63956, 4.930556, 0, 0, 0, 1, 7200, 255, 1), -- 233123 (Area: 7086)
(@OGUID+61, 239031, 1159, 3, 1, '', 1880.016, 224.6389, 77.84024, 2.862335, 0, 0, 0, 1, 7200, 255, 1), -- 239031 (Area: 7086)
-- (@OGUID+62, 233120, 1159, 3, 1, '', 1843.476, 254.7083, 76.63956, 4.162612, 0, 0, 0, 1, 7200, 255, 1), -- 233120 (Area: 7086)
-- (@OGUID+63, 236222, 1159, 3, 1, '', 1819.426, 285.2333, 78.34515, 0.925026, 0, 0, -0.3214388, 0.9469303, 7200, 255, 1), -- 236222 (Area: 7086)
-- (@OGUID+64, 233121, 1159, 3, 1, '', 1842.262, 251.941, 76.63956, 1.029743, 0, 0, 0, 1, 7200, 255, 1), -- 233121 (Area: 7086)
-- (@OGUID+65, 236223, 1159, 3, 1, '', 1822.023, 288.7005, 78.34515, 4.06662, 0, 0, -0.3214388, 0.9469303, 7200, 255, 1), -- 236223 (Area: 7086)
-- (@OGUID+66, 236228, 1159, 3, 1, '', 1816.615, 281.7838, 78.34515, 4.04044, 0, 0, -0.3214388, 0.9469303, 7200, 255, 1), -- 236228 (Area: 7086)
-- (@OGUID+67, 236220, 1159, 3, 1, '', 1814.179, 273.0681, 78.52685, 5.637416, 0, 0, -0.3214388, 0.9469303, 7200, 255, 1), -- 236220 (Area: 7086)
-- (@OGUID+68, 236229, 1159, 3, 1, '', 1813.953, 278.4716, 78.34515, 0.8203053, 0, 0, -0.3214388, 0.9469303, 7200, 255, 1), -- 236229 (Area: 7086)
(@OGUID+69, 233544, 1159, 3, 1, '', 1774.368, 280.2708, 76.96117, 3.429581, 0, 0, 0, 1, 7200, 255, 1), -- 233544 (Area: 7086)
(@OGUID+70, 224800, 1159, 3, 1, '', 1847.615, 134.7257, 78.10705, 2.705255, 0, 0, 0.976296, 0.2164396, 7200, 255, 1), -- 224800 (Area: 7086)
-- (@OGUID+71, 233957, 1159, 3, 1, '', 1804.333, 189.1458, 70.07482, 1.963495, 0, 0, 0.8314695, 0.5555702, 7200, 255, 1), -- 233957 (Area: 7086)
-- (@OGUID+72, 236221, 1159, 3, 1, '', 1816.935, 273.0583, 78.52685, 4.302239, 0, 0, -0.3214388, 0.9469303, 7200, 255, 1), -- 236221 (Area: 7086)
(@OGUID+73, 233124, 1159, 3, 1, '', 1842.115, 247.4028, 76.63956, 1.169369, 0, 0, 0, 1, 7200, 255, 1), -- 233124 (Area: 7086)
(@OGUID+74, 233545, 1159, 3, 1, '', 1773.078, 283.1285, 77.01389, 3.761187, 0, 0, 0, 1, 7200, 255, 1), -- 233545 (Area: 7086)
-- (@OGUID+75, 236226, 1159, 3, 1, '', 1824.961, 289.8971, 78.59435, 3.132858, 0, 0, -0.3214388, 0.9469303, 7200, 255, 1), -- 236226 (Area: 7086)
(@OGUID+76, 232380, 1159, 3, 1, '', 1881.856, 224.1024, 76.827, 2.862335, 0, 0, 0, 1, 7200, 255, 1), -- 232380 (Area: 7086)
-- (@OGUID+77, 233957, 1159, 3, 1, '', 1830.528, 196.7465, 71.98586, 1.902406, 0, 0, 0.8141155, 0.580703, 7200, 255, 1), -- 233957 (Area: 7086)
(@OGUID+78, 230993, 1159, 3, 1, '', 2031.594, 174.441, 84.36597, 2.836158, 0, 0, 0, 1, 7200, 255, 1), -- 230993 (Area: 7086)
-- (@OGUID+79, 236227, 1159, 3, 1, '', 1808.41, 290.7715, 78.34515, 5.628691, 0, 0, -0.3214388, 0.9469303, 7200, 255, 1), -- 236227 (Area: 7086)
-- (@OGUID+80, 233957, 1159, 3, 1, '', 1819.583, 231.2813, 72.17403, 4.991641, 0, 0, -0.6018152, 0.7986354, 7200, 255, 1), -- 233957 (Area: 7086)
-- (@OGUID+81, 236224, 1159, 3, 1, '', 1806.301, 288.4792, 78.34515, 6.073748, 0, 0, -0.3214388, 0.9469303, 7200, 255, 1), -- 236224 (Area: 7086)
-- (@OGUID+82, 233119, 1159, 3, 1, '', 1844.462, 252.6424, 76.63956, 2.95833, 0, 0, 0, 1, 7200, 255, 1), -- 233119 (Area: 7086)
-- (@OGUID+83, 233122, 1159, 3, 1, '', 1843.854, 248.7014, 76.63956, 2.818698, 0, 0, 0, 1, 7200, 255, 1), -- 233122 (Area: 7086)
(@OGUID+84, 230377, 1159, 3, 1, '', 1927.34, 327.0677, 89.83703, 3.484316, 0, 0, 0, 1, 7200, 255, 1), -- 230377 (Area: 7086)
(@OGUID+85, 239180, 1159, 3, 1, '', 1932.28, 348.7014, 91.76377, 5.302649, 0, 0, 0, 1, 7200, 255, 1), -- 239180 (Area: 7086)
(@OGUID+86, 226871, 1159, 3, 1, '', 1927.472, 326.9149, 88.96585, 3.478314, 0, 0, 0, 1, 7200, 255, 1), -- 226871 (Area: 7086)
(@OGUID+87, 230773, 1159, 3, 1, '', 1924.137, 329.5, 88.96585, 3.759226, 0, 0, 0, 1, 7200, 255, 1), -- 230773 (Area: 7086)
(@OGUID+88, 230378, 1159, 3, 1, '', 1924.264, 331.3767, 88.96585, 1.797263, 0, 0, 0, 1, 7200, 255, 1), -- 230378 (Area: 7086)
(@OGUID+89, 230365, 1159, 3, 1, '', 1926.158, 328.4115, 88.96585, 5.15144, 0, 0, 0, 1, 7200, 255, 1), -- 230365 (Area: 7086)
(@OGUID+90, 241325, 1159, 3, 1, '', 1945.595, 328.2396, 91.18505, 1.86476, 0, 0, 0, 1, 7200, 255, 1), -- 241325 (Area: 7086)
(@OGUID+91, 239186, 1159, 3, 1, '', 1942.549, 345.9931, 90.40524, 3.693024, 0, 0, 0, 1, 7200, 255, 1), -- 239186 (Area: 7086)
(@OGUID+92, 230377, 1159, 3, 1, '', 1924.823, 323.9149, 88.96585, 5.698747, 0, 0, 0, 1, 7200, 255, 1), -- 230377 (Area: 7086)
(@OGUID+93, 230772, 1159, 3, 1, '', 1922.304, 329.2656, 88.85923, 1.945503, 0, 0, 0, 1, 7200, 255, 1), -- 230772 (Area: 7086)
(@OGUID+94, 230773, 1159, 3, 1, '', 1926.09, 324.882, 88.96585, 5.301648, 0, 0, 0, 1, 7200, 255, 1), -- 230773 (Area: 7086)
(@OGUID+95, 233832, 1159, 3, 1, '', 1868.026, 313.5756, 82.61218, 4.788538, 0, 0, 0, 1, 7200, 255, 1), -- 233832 (Area: 7086)
(@OGUID+96, 232249, 1159, 3, 1, '', 1892.163, 287.1771, 76.64206, 3.850808, 0, 0, 0, 1, 7200, 255, 1), -- 232249 (Area: 7086)
(@OGUID+97, 232249, 1159, 3, 1, '', 1892.174, 287.2535, 76.64297, 2.809834, 0, 0, 0, 1, 7200, 255, 1), -- 232249 (Area: 7086)
(@OGUID+98, 236916, 1159, 3, 1, '', 1946.547, 292.625, 88.96585, 3.721069, 0, 0, 0, 1, 7200, 255, 1), -- 236916 (Area: 7086)
(@OGUID+99, 232251, 1159, 3, 1, '', 1892.307, 286.5712, 76.64063, 1.355358, 0, 0, 0, 1, 7200, 255, 1), -- 232251 (Area: 7086)
-- (@OGUID+100, 230867, 1159, 3, 1, '', 1831.675, 195.4048, 74.21141, 1.902406, 0, 0, 0, 1, 7200, 255, 1), -- 230867 (Area: 7086)
(@OGUID+101, 233540, 1159, 3, 1, '', 1771.736, 275.2361, 76.95831, 3.403396, 0, 0, 0, 1, 7200, 255, 1), -- 233540 (Area: 7086)
-- (@OGUID+102, 230867, 1159, 3, 1, '', 1835.802, 201.1321, 73.43051, 1.902406, 0, 0, 0, 1, 7200, 255, 1), -- 230867 (Area: 7086)
(@OGUID+103, 233541, 1159, 3, 1, '', 1770.049, 280.5417, 77.09721, 3.49939, 0, 0, 0, 1, 7200, 255, 1), -- 233541 (Area: 7086)
-- (@OGUID+104, 230867, 1159, 3, 1, '', 1815.393, 231.6877, 75.6528, 4.991641, 0, 0, 0, 1, 7200, 255, 1), -- 230867 (Area: 7086)
-- (@OGUID+105, 230867, 1159, 3, 1, '', 1824.103, 235.2006, 74.60732, 4.991641, 0, 0, 0, 1, 7200, 255, 1), -- 230867 (Area: 7086)
(@OGUID+106, 233546, 1159, 3, 1, '', 1776.012, 274.3125, 76.74668, 3.281239, 0, 0, 0, 1, 7200, 255, 1), -- 233546 (Area: 7086)
-- (@OGUID+107, 230867, 1159, 3, 1, '', 1833.31, 193.9713, 81.49194, 1.902406, 0, 0, 0, 1, 7200, 255, 1), -- 230867 (Area: 7086)
-- (@OGUID+108, 230867, 1159, 3, 1, '', 1816.95, 234.1983, 81.68011, 4.991641, 0, 0, 0, 1, 7200, 255, 1), -- 230867 (Area: 7086)
(@OGUID+109, 233547, 1159, 3, 1, '', 1770.951, 277.9514, 77.03499, 3.351047, 0, 0, 0, 1, 7200, 255, 1), -- 233547 (Area: 7086)
-- (@OGUID+110, 230867, 1159, 3, 1, '', 1818.508, 232.6812, 74.39958, 4.991641, 0, 0, 0, 1, 7200, 255, 1), -- 230867 (Area: 7086)
-- (@OGUID+111, 230867, 1159, 3, 1, '', 1807.28, 186.5457, 79.58091, 1.963495, 0, 0, 0, 1, 7200, 255, 1), -- 230867 (Area: 7086)
-- (@OGUID+112, 230867, 1159, 3, 1, '', 1814.087, 227.1777, 73.61868, 4.991641, 0, 0, 0, 1, 7200, 255, 1), -- 230867 (Area: 7086)
(@OGUID+113, 233537, 1159, 3, 1, '', 1766.642, 280.3403, 77.19389, 4.092797, 0, 0, 0, 1, 7200, 255, 1), -- 233537 (Area: 7086)
-- (@OGUID+114, 230867, 1159, 3, 1, '', 1808.543, 189.2164, 73.5536, 1.963495, 0, 0, 0, 1, 7200, 255, 1), -- 230867 (Area: 7086)
(@OGUID+115, 233542, 1159, 3, 1, '', 1777.922, 270.4445, 76.49583, 2.722713, 0, 0, 0, 1, 7200, 255, 1), -- 233542 (Area: 7086)
-- (@OGUID+116, 230867, 1159, 3, 1, '', 1826.22, 192.5961, 74.41914, 1.902406, 0, 0, 0, 1, 7200, 255, 1), -- 230867 (Area: 7086)
-- (@OGUID+117, 230867, 1159, 3, 1, '', 1809.33, 193.8453, 71.51948, 1.963495, 0, 0, 0, 1, 7200, 255, 1), -- 230867 (Area: 7086)
(@OGUID+118, 232509, 1159, 3, 1, '', 1773.651, 268.2778, 76.51395, 1.850049, 0, 0, 0, 1, 7200, 255, 1), -- 232509 (Area: 7086)
(@OGUID+119, 233543, 1159, 3, 1, '', 1774.7, 277.4688, 76.91456, 3.377225, 0, 0, 0, 1, 7200, 255, 1), -- 233543 (Area: 7086)
-- (@OGUID+120, 230867, 1159, 3, 1, '', 1834.734, 196.56, 75.46463, 1.902406, 0, 0, 0, 1, 7200, 255, 1), -- 230867 (Area: 7086)
(@OGUID+121, 233548, 1159, 3, 1, '', 1772.135, 272.7257, 76.82558, 3.272519, 0, 0, 0, 1, 7200, 255, 1), -- 233548 (Area: 7086)
-- (@OGUID+122, 230867, 1159, 3, 1, '', 1805.561, 187.8766, 72.30038, 1.963495, 0, 0, 0, 1, 7200, 255, 1), -- 230867 (Area: 7086)
-- (@OGUID+123, 230867, 1159, 3, 1, '', 1800.287, 184.7401, 72.50811, 1.963495, 0, 0, 0, 1, 7200, 255, 1), -- 230867 (Area: 7086)
(@OGUID+124, 237407, 1159, 3, 1, '', 1764.316, 187.7188, 70.84469, 3.865906, 0, 0, 0, 1, 7200, 255, 0), -- 237407 (Area: 7086)
(@OGUID+125, 233141, 1159, 3, 1, '', 1910.542, 354.6754, 88.96585, 0, 0, 0, 0, 1, 7200, 255, 1), -- 233141 (Area: 7086)
(@OGUID+126, 233141, 1159, 3, 1, '', 1946.076, 289.1493, 88.96585, 2.944877, 0, 0, 0, 1, 7200, 255, 1), -- 233141 (Area: 7086)
(@OGUID+127, 207203, 1159, 3, 1, '', 1892.102, 244.2361, 76.73429, 1.284134, 0, 0, 0, 1, 7200, 255, 1), -- 207203 (Area: 7086)
(@OGUID+128, 178746, 1159, 3, 1, '', 1872.781, 260.9844, 76.63956, 0.6880893, 0, 0, 0, 1, 7200, 255, 1), -- 178746 (Area: 7086)
(@OGUID+129, 178433, 1159, 3, 1, '', 1898.186, 243.8524, 76.63956, 6.012978, 0, 0, 0, 1, 7200, 255, 1), -- 178433 (Area: 7086)
(@OGUID+130, 206079, 1159, 3, 1, '', 1892.007, 249.3247, 76.63956, 2.518647, 0, 0, 0, 1, 7200, 255, 1), -- 206079 (Area: 7086)
(@OGUID+131, 178428, 1159, 3, 1, '', 1894.882, 251.1701, 76.66819, 3.687427, 0, 0, 0, 1, 7200, 255, 1), -- 178428 (Area: 7086)
(@OGUID+132, 206083, 1159, 3, 1, '', 1869.13, 258.224, 76.58376, 1.58094, 0, 0, 0, 1, 7200, 255, 1), -- 206083 (Area: 7086)
(@OGUID+133, 207203, 1159, 3, 1, '', 1869.219, 259.4653, 76.63956, 3.903952, 0, 0, 0, 1, 7200, 255, 1), -- 207203 (Area: 7086)
(@OGUID+134, 178433, 1159, 3, 1, '', 1872.882, 256.4809, 76.63956, 1.275687, 0, 0, 0, 1, 7200, 255, 1), -- 178433 (Area: 7086)
(@OGUID+135, 206079, 1159, 3, 1, '', 1897.28, 249.6632, 76.63956, 0.7341354, 0, 0, 0, 1, 7200, 255, 1), -- 206079 (Area: 7086)
(@OGUID+136, 206083, 1159, 3, 1, '', 1897.543, 245.8247, 76.63956, 2.64373, 0, 0, 0, 1, 7200, 255, 1), -- 206083 (Area: 7086)
(@OGUID+137, 178924, 1159, 3, 1, '', 1874.79, 257.1424, 79.45687, 5.437688, 0, 0, 0, 1, 7200, 255, 1), -- 178924 (Area: 7086)
(@OGUID+138, 206083, 1159, 3, 1, '', 1890.575, 244.8507, 76.63956, 4.101938, 0, 0, 0, 1, 7200, 255, 1), -- 206083 (Area: 7086)
(@OGUID+139, 243874, 1159, 3, 1, '', 1894.788, 246.6285, 74.27673, 0.7504908, 0, 0, 0, 1, 7200, 255, 1), -- 243874 (Area: 7086)
(@OGUID+140, 243863, 1159, 3, 1, '', 1874.201, 254.4583, 76.63956, 1.810601, 0, 0, 0, 1, 7200, 255, 1), -- 243863 (Area: 7086)
(@OGUID+141, 207203, 1159, 3, 1, '', 1871.752, 256.3229, 76.63956, 4.375676, 0, 0, 0, 1, 7200, 255, 1), -- 207203 (Area: 7086)
(@OGUID+142, 206076, 1159, 3, 1, '', 1868.642, 258.7899, 81.60471, 2.296978, 0, 0, 0, 1, 7200, 255, 1), -- 206076 (Area: 7086)
(@OGUID+143, 178429, 1159, 3, 1, '', 1892.033, 247.4097, 76.5974, 2.402025, 0, 0, 0, 1, 7200, 255, 1), -- 178429 (Area: 7086)
(@OGUID+144, 178924, 1159, 3, 1, '', 1869.082, 258.2917, 80.256, 5.497359, 0, 0, 0, 1, 7200, 255, 1), -- 178924 (Area: 7086)
(@OGUID+145, 178431, 1159, 3, 1, '', 1870.061, 259.4531, 76.63956, 2.179956, 0, 0, 0, 1, 7200, 255, 1), -- 178431 (Area: 7086)
(@OGUID+146, 178430, 1159, 3, 1, '', 1871.764, 257.3837, 76.63956, 3.456228, 0, 0, 0, 1, 7200, 255, 1), -- 178430 (Area: 7086)
(@OGUID+147, 207203, 1159, 3, 1, '', 1874.908, 254.4045, 76.63956, 3.903952, 0, 0, 0, 1, 7200, 255, 1), -- 207203 (Area: 7086)
(@OGUID+148, 178429, 1159, 3, 1, '', 1897.125, 247.8108, 76.63956, 2.917606, 0, 0, 0, 1, 7200, 255, 1), -- 178429 (Area: 7086)
(@OGUID+149, 178924, 1159, 3, 1, '', 1872.186, 260.007, 79.45349, 5.459205, 0, 0, 0, 1, 7200, 255, 1), -- 178924 (Area: 7086)
(@OGUID+150, 178924, 1159, 3, 1, '', 1868.868, 255.6094, 79.81162, 3.882741, 0, 0, 0, 1, 7200, 255, 1), -- 178924 (Area: 7086)
(@OGUID+151, 240423, 1159, 3, 1, '', 1865.845, 248.25, 77.61406, 0, 0, 0, 0, 1, 7200, 255, 1), -- 240423 (Area: 7086)
(@OGUID+152, 244478, 1159, 3, 1, '', 1857.658, 242.3889, 77.01554, 0.5775708, 0, 0, 0, 1, 7200, 255, 1), -- 244478 (Area: 7086)
(@OGUID+153, 178429, 1159, 3, 1, '', 1870.66, 255.8837, 76.49883, 2.047259, 0, 0, 0, 1, 7200, 255, 1), -- 178429 (Area: 7086)
(@OGUID+154, 206078, 1159, 3, 1, '', 1870.175, 252.8333, 76.54588, 3.413575, 0, 0, 0, 1, 7200, 255, 1), -- 206078 (Area: 7086)
(@OGUID+155, 180715, 1159, 3, 1, '', 1864.891, 258.1094, 76.63956, 2.234309, 0, 0, 0, 1, 7200, 255, 1), -- 180715 (Area: 7086)
(@OGUID+156, 244476, 1159, 3, 1, '', 1857.476, 243.0104, 77.21643, 0.6825567, 0, 0, 0, 1, 7200, 255, 1), -- 244476 (Area: 7086)
(@OGUID+157, 230865, 1159, 3, 1, '', 1845.142, 243.2917, 78.13274, 1.910311, 0, 0, 0, 1, 7200, 255, 1), -- 230865 (Area: 7086)
(@OGUID+158, 178924, 1159, 3, 1, '', 1872.887, 254.2066, 80.31338, 5.453905, 0, 0, 0, 1, 7200, 255, 1), -- 178924 (Area: 7086)
(@OGUID+159, 178666, 1159, 3, 1, '', 1871.505, 256.1632, 76.63956, 5.464612, 0, 0, 0, 1, 7200, 255, 1), -- 178666 (Area: 7086)
(@OGUID+160, 178924, 1159, 3, 1, '', 1870.599, 253.7309, 79.81475, 3.880789, 0, 0, 0, 1, 7200, 255, 1), -- 178924 (Area: 7086)
(@OGUID+161, 178428, 1159, 3, 1, '', 1894.644, 242.7153, 76.63956, 4.172406, 0, 0, 0, 1, 7200, 255, 1), -- 178428 (Area: 7086)
(@OGUID+162, 178433, 1159, 3, 1, '', 1871.238, 252.0052, 76.63956, 6.012978, 0, 0, 0, 1, 7200, 255, 1), -- 178433 (Area: 7086)
(@OGUID+163, 178431, 1159, 3, 1, '', 1872.736, 252.9167, 76.63956, 4.624395, 0, 0, 0, 1, 7200, 255, 1), -- 178431 (Area: 7086)
(@OGUID+164, 178428, 1159, 3, 1, '', 1870.509, 256.875, 76.63956, 3.465127, 0, 0, 0, 1, 7200, 255, 1), -- 178428 (Area: 7086)
(@OGUID+165, 178432, 1159, 3, 1, '', 1871.771, 255.4254, 76.59003, 0.03590013, 0, 0, 0, 1, 7200, 255, 1), -- 178432 (Area: 7086)
(@OGUID+166, 244475, 1159, 3, 1, '', 1858.17, 242.717, 76.63956, 5.816979, 0, 0, 0, 1, 7200, 255, 1), -- 244475 (Area: 7086)
(@OGUID+167, 178433, 1159, 3, 1, '', 1874.892, 253.7257, 76.63956, 4.535554, 0, 0, 0, 1, 7200, 255, 1), -- 178433 (Area: 7086)
-- (@OGUID+168, 233251, 1159, 3, 1, '', 1822.809, 218.6319, 72.02518, 5.060646, 0, 0, 0, 1, 7200, 255, 1), -- 233251 (Area: 7086)
(@OGUID+169, 236001, 1159, 3, 1, '', 2025.75, 189.7917, 84.20975, 1.361356, 0, 0, 0, 1, 7200, 255, 1), -- 236001 (Area: 7086)
(@OGUID+170, 235909, 1159, 3, 1, '', 2020.842, 189.9271, 84.4108, 1.684242, 0, 0, 0, 1, 7200, 255, 1), -- 235909 (Area: 7086)
-- (@OGUID+171, 232652, 1159, 3, 1, '', 1826.316, 209.0538, 71.9697, 2.001648, 0, 0, 0, 1, 7200, 255, 1), -- 232652 (Area: 7086)
(@OGUID+172, 242447, 1159, 3, 1, '', 1844.962, 217.5226, 74.98386, 2.015852, 0, 0, 0, 1, 7200, 255, 1), -- 242447 (Area: 7086)
(@OGUID+173, 233141, 1159, 3, 1, '', 1793.155, 234.474, 69.98099, 0, 0, 0, 0, 1, 7200, 255, 1), -- 233141 (Area: 7086)
-- (@OGUID+174, 232542, 1159, 3, 1, '', 1869.127, 183.3563, 11.49641, 0.5262049, 0, 0, 0, 1, 7200, 255, 1), -- 232542 (Area: 7086)
-- (@OGUID+175, 235390, 1159, 3, 1, '', 1813.872, 161.1389, 77.08023, 1.823087, 0, 0, 0, 1, 7200, 255, 1), -- 235390 (Area: 7086)
(@OGUID+176, 232249, 1159, 3, 1, '', 1750.28, 290.5347, 77.33602, 2.809834, 0, 0, 0, 1, 7200, 255, 1), -- 232249 (Area: 7086)
-- (@OGUID+177, 235376, 1159, 3, 1, '', 1828.502, 146.0781, 77.04227, 1.823087, 0, 0, 0, 1, 7200, 255, 1), -- 235376 (Area: 7086)
-- (@OGUID+178, 235885, 1159, 3, 1, '', 1860.811, 137.8507, 78.29136, 1.848889, 0, 0, 0, 1, 7200, 255, 1), -- 235885 (Area: 7086)
-- (@OGUID+179, 235390, 1159, 3, 1, '', 1816.052, 161.8333, 77.08023, 1.823087, 0, 0, 0, 1, 7200, 255, 1), -- 235390 (Area: 7086)
--(@OGUID+180, 235391, 1159, 3, 1, '', 1826.674, 161.0538, 77.08023, 1.823087, 0, 0, 0, 1, 7200, 255, 1), -- 235391 (Area: 7086)
-- (@OGUID+181, 235387, 1159, 3, 1, '', 1824.594, 161.9167, 77.08023, 1.823087, 0, 0, 0, 1, 7200, 255, 1), -- 235387 (Area: 7086)
-- (@OGUID+182, 236261, 1159, 3, 1, '', 1799.635, 200.1129, 70.07597, 2.001648, 0, 0, 0, 1, 7200, 255, 1), -- 236261 (Area: 7086)
(@OGUID+183, 240595, 1159, 3, 1, '', 1845.812, 138.993, 78.99306, 4.241147, 0, 0, 0.9762954, 0.2164421, 7200, 255, 1), -- 240595 (Area: 7086)
(@OGUID+184, 233835, 1159, 3, 1, '', 1832.781, 146.7517, 76.76991, 1.112512, 0, 0, 0, 1, 7200, 255, 1), -- 233835 (Area: 7086)
-- (@OGUID+185, 235391, 1159, 3, 1, '', 1810.427, 153.2934, 77.08023, 1.823087, 0, 0, 0, 1, 7200, 255, 1), -- 235391 (Area: 7086)
(@OGUID+186, 232249, 1159, 3, 1, '', 1750.269, 290.4583, 77.3364, 3.850808, 0, 0, 0, 1, 7200, 255, 1), -- 232249 (Area: 7086)
-- (@OGUID+187, 232542, 1159, 3, 1, '', 1839.108, 150.501, 20.76132, 3.397948, 0, 0, 0, 1, 7200, 255, 1), -- 232542 (Area: 7086)
(@OGUID+188, 240596, 1159, 3, 1, '', 1850.539, 133.3962, 78.99882, 0.07853428, 0, 0, 0.9762954, 0.2164421, 7200, 255, 1), -- 240596 (Area: 7086)
(@OGUID+189, 240597, 1159, 3, 1, '', 1850.917, 131.6349, 78.99306, 1.745324, 0, 0, 0.9762954, 0.2164421, 7200, 255, 1), -- 240597 (Area: 7086)
(@OGUID+190, 232250, 1159, 3, 1, '', 1750.04, 290.8681, 77.15552, 1.2816, 0, 0, 0, 1, 7200, 255, 1), -- 232250 (Area: 7086)
(@OGUID+191, 232249, 1159, 3, 1, '', 1840.186, 132.2865, 78.21986, 3.850808, 0, 0, 0, 1, 7200, 255, 1), -- 232249 (Area: 7086)
-- (@OGUID+192, 235886, 1159, 3, 1, '', 1901.799, 103.2309, 83.52671, 5.58839, 0, 0, 0, 1, 7200, 255, 1), -- 235886 (Area: 7086)
(@OGUID+193, 232248, 1159, 3, 1, '', 1840.095, 132.0191, 78.02078, 1.393553, 0, 0, 0, 1, 7200, 255, 1), -- 232248 (Area: 7086)
(@OGUID+194, 240593, 1159, 3, 1, '', 1844.405, 131.7561, 78.93768, 4.537853, 0, 0, 0.9762954, 0.2164421, 7200, 255, 1), -- 240593 (Area: 7086)
(@OGUID+195, 230124, 1159, 3, 1, '', 1741.807, 138.6129, 76.51321, 5.4368, 0, 0, 0, 1, 7200, 255, 1), -- 230124 (Area: 7086)
(@OGUID+196, 232249, 1159, 3, 1, '', 1840.196, 132.3629, 78.22396, 2.809834, 0, 0, 0, 1, 7200, 255, 1), -- 232249 (Area: 7086)
-- (@OGUID+197, 232544, 1159, 3, 1, '', 1897.344, 107.9118, 25.25779, 0.1071221, 0, 0, 0, 1, 7200, 255, 1), -- 232544 (Area: 7086)
(@OGUID+198, 233378, 1159, 3, 1, '', 1761.601, 116.6076, 76.83561, 6.230826, 0, 0, 0, 1, 7200, 255, 1), -- 233378 (Area: 7086)
(@OGUID+199, 232252, 1159, 3, 1, '', 1765.118, 125.809, 76.66096, 1.271273, 0, 0, 0, 1, 7200, 255, 1), -- 232252 (Area: 7086)
(@OGUID+200, 232507, 1159, 3, 1, '', 1761.342, 127.5052, 76.53465, 3.539562, 0, 0, 0, 1, 7200, 255, 1), -- 232507 (Area: 7086)
(@OGUID+201, 232534, 1159, 3, 1, '', 1906.16, 102.1024, 83.66294, 0.4101507, 0, 0, 0, 1, 7200, 255, 1), -- 232534 (Area: 7086)
(@OGUID+202, 232249, 1159, 3, 1, '', 1764.92, 125.3264, 76.80035, 2.809834, 0, 0, 0, 1, 7200, 255, 1), -- 232249 (Area: 7086)
-- (@OGUID+203, 232544, 1159, 3, 1, '', 1844.371, 122.2738, 22.31849, 5.070745, 0, 0, 0, 1, 7200, 255, 1), -- 232544 (Area: 7086)
(@OGUID+204, 240594, 1159, 3, 1, '', 1845.183, 131.3138, 78.93768, 5.829397, 0, 0, 0.9762954, 0.2164421, 7200, 255, 1), -- 240594 (Area: 7086)
(@OGUID+205, 232535, 1159, 3, 1, '', 1906.168, 102.1059, 83.48722, 3.534291, 0, 0, 0, 1, 7200, 255, 1), -- 232535 (Area: 7086)
(@OGUID+206, 232249, 1159, 3, 1, '', 1764.91, 125.25, 76.80511, 3.850808, 0, 0, 0, 1, 7200, 255, 1), -- 232249 (Area: 7086)
-- (@OGUID+207, 235376, 1159, 3, 1, '', 1810.599, 150.9566, 77.08023, 1.823087, 0, 0, 0, 1, 7200, 255, 1), -- 235376 (Area: 7086)
(@OGUID+208, 230126, 1159, 3, 1, '', 1744.694, 138.6997, 76.48003, 4.311066, 0, 0, 0, 1, 7200, 255, 1), -- 230126 (Area: 7086)
(@OGUID+209, 230123, 1159, 3, 1, '', 1747.693, 128.4635, 76.44736, 2.740162, 0, 0, 0, 1, 7200, 255, 1), -- 230123 (Area: 7086)
-- (@OGUID+210, 228710, 1159, 3, 1, '', 1823.7, 194.5534, 73.54163, 0.4014226, 0, 0, 0.8141146, 0.5807043, 7200, 255, 1), -- 228710 (Area: 7086)
-- (@OGUID+211, 236420, 1159, 3, 1, '', 1830.886, 205.1489, 71.98586, 3.401033, 0, 0, 0.8141146, 0.5807043, 7200, 255, 1), -- 236420 (Area: 7086)
-- (@OGUID+212, 228711, 1159, 3, 1, '', 1829.398, 192.8293, 72.72785, 1.88495, 0, 0, 0.8141146, 0.5807043, 7200, 255, 1), -- 228711 (Area: 7086)
-- (@OGUID+213, 228714, 1159, 3, 1, '', 1832.217, 193.8302, 73.85822, 2.27764, 0, 0, 0.8141146, 0.5807043, 7200, 255, 1), -- 228714 (Area: 7086)
-- (@OGUID+214, 227180, 1159, 3, 1, '', 1830.528, 196.7465, 71.98586, 1.902406, 0, 0, 0.8141155, 0.580703, 7200, 255, 1), -- 227180 (Area: 7086)
-- (@OGUID+215, 228712, 1159, 3, 1, '', 1830.488, 193.9345, 72.71154, 1.31772, 0, 0, 0.8141146, 0.5807043, 7200, 255, 1), -- 228712 (Area: 7086)
-- (@OGUID+216, 228713, 1159, 3, 1, '', 1831.74, 198.0213, 73.84133, 5.1749, 0, 0, 0.8141146, 0.5807043, 7200, 255, 1), -- 228713 (Area: 7086)
-- (@OGUID+217, 232544, 1159, 3, 1, '', 1923.862, 106.8277, 27.62876, 1.155125, 0, 0, 0, 1, 7200, 255, 1), -- 232544 (Area: 7086)
(@OGUID+218, 230125, 1159, 3, 1, '', 1734.774, 125.3819, 76.55495, 1.439994, 0, 0, 0, 1, 7200, 255, 1), -- 230125 (Area: 7086)
(@OGUID+219, 230122, 1159, 3, 1, '', 1745.958, 126.75, 76.44485, 2.07704, 0, 0, 0, 1, 7200, 255, 1), -- 230122 (Area: 7086)
(@OGUID+220, 230120, 1159, 3, 1, '', 1733.023, 127.0799, 76.59985, 0.3142581, 0, 0, 0, 1, 7200, 255, 1), -- 230120 (Area: 7086)
(@OGUID+221, 230121, 1159, 3, 1, '', 1739.99, 131.599, 76.2375, 0.2094394, 0, 0, 0, 1, 7200, 255, 1), -- 230121 (Area: 7086)
(@OGUID+222, 233377, 1159, 3, 1, '', 1762.578, 111.5764, 76.69006, 0.5585039, 0, 0, 0, 1, 7200, 255, 1), -- 233377 (Area: 7086)
-- (@OGUID+223, 233722, 1159, 3, 1, '', 1814.378, 229.9736, 73.89703, 5.262069, 0, 0, -0.6018153, 0.7986353, 7200, 255, 1), -- 233722 (Area: 7086)
-- (@OGUID+224, 233723, 1159, 3, 1, '', 1825.043, 233.7823, 74.91535, 1.09083, 0, 0, -0.6018153, 0.7986353, 7200, 255, 1), -- 233723 (Area: 7086)
-- (@OGUID+225, 228662, 1159, 3, 1, '', 1816.969, 233.5223, 72.925, 4.982914, 0, 0, -0.6018153, 0.7986353, 7200, 255, 1), -- 228662 (Area: 7086)
-- (@OGUID+226, 233720, 1159, 3, 1, '', 1817.627, 233.1775, 74.48378, 3.438304, 0, 0, -0.6018153, 0.7986353, 7200, 255, 1), -- 233720 (Area: 7086)
-- (@OGUID+227, 227074, 1159, 3, 1, '', 1819.583, 231.2813, 72.17403, 4.991641, 0, 0, -0.6018153, 0.7986354, 7200, 255, 1), -- 227074 (Area: 7086)
-- (@OGUID+228, 233721, 1159, 3, 1, '', 1815.8, 226.8137, 74.70789, 5.759588, 0, 0, -0.6018153, 0.7986353, 7200, 255, 1), -- 233721 (Area: 7086)
-- (@OGUID+229, 236648, 1159, 3, 1, '', 1818.785, 222.9092, 72.17403, 0.2070749, 0, 0, -0.6018153, 0.7986353, 7200, 255, 1), -- 236648 (Area: 7086)
-- (@OGUID+230, 233724, 1159, 3, 1, '', 1820.658, 234.759, 73.92665, 4.110253, 0, 0, -0.6018153, 0.7986353, 7200, 255, 1), -- 233724 (Area: 7086)
-- (@OGUID+231, 234303, 1159, 3, 1, '', 1829.75, 204.6794, 71.89326, 1.88579, 0, 0, 0, 1, 7200, 255, 1), -- 234303 (Area: 7086)
-- (@OGUID+232, 234303, 1159, 3, 1, '', 1819.887, 223.7046, 72.39104, 4.991641, 0, 0, 0, 1, 7200, 255, 1), -- 234303 (Area: 7086)
-- (@OGUID+233, 232542, 1159, 3, 1, '', 1876.209, 68.29166, 75.92166, 1.155125, 0, 0, 0, 1, 7200, 255, 1), -- 232542 (Area: 7086)
-- (@OGUID+234, 232544, 1159, 3, 1, '', 1908.601, 78.80702, 32.12006, 4.307304, 0, 0, 0, 1, 7200, 255, 1), -- 232544 (Area: 7086)
-- (@OGUID+235, 227072, 1159, 3, 1, '', 1804.333, 189.1458, 70.07482, 1.963495, 0, 0, 0.8314695, 0.5555702, 7200, 255, 1), -- 227072 (Area: 7086)
-- (@OGUID+236, 236646, 1159, 3, 1, '', 1804.178, 197.5544, 70.07482, 3.462117, 0, 0, 0.8314694, 0.5555704, 7200, 255, 1), -- 236646 (Area: 7086)
-- (@OGUID+237, 228637, 1159, 3, 1, '', 1804.772, 187.5836, 70.82771, 5.072662, 0, 0, 0.8314694, 0.5555704, 7200, 255, 1), -- 228637 (Area: 7086)
-- (@OGUID+238, 233290, 1159, 3, 1, '', 1809.376, 189.3713, 70.83563, 2.897245, 0, 0, 0.8314694, 0.5555704, 7200, 255, 1), -- 233290 (Area: 7086)
-- (@OGUID+239, 228641, 1159, 3, 1, '', 1804.87, 185.4696, 71.4443, 0.8290303, 0, 0, 0.8314694, 0.5555704, 7200, 255, 1), -- 228641 (Area: 7086)
-- (@OGUID+240, 233288, 1159, 3, 1, '', 1801.008, 192.7961, 70.80083, 3.569199, 0, 0, 0.8314694, 0.5555704, 7200, 255, 1), -- 233288 (Area: 7086)
-- (@OGUID+241, 233289, 1159, 3, 1, '', 1801.072, 185.1152, 70.8316, 2.792518, 0, 0, 0.8314694, 0.5555704, 7200, 255, 1), -- 233289 (Area: 7086)
-- (@OGUID+242, 239433, 1159, 3, 1, '', 1799.113, 189.2076, 70.80704, 6.108286, 0, 0, 0, 1, 7200, 255, 1), -- 239433 (Area: 7086)
-- (@OGUID+243, 234303, 1159, 3, 1, '', 1797.802, 194.5, 70.26888, 5.130546, 0, 0, 0, 1, 7200, 255, 1), -- 234303 (Area: 7086)
-- (@OGUID+244, 224812, 1159, 3, 1, '', 1893.337, 185.1684, 78.05621, 2.530723, 0, 0, 0.953717, 0.3007056, 7200, 255, 1), -- 224812 (Area: 7086)
-- (@OGUID+245, 230286, 1159, 3, 1, '', 1864.955, 320.2083, 81.66045, 4.799657, 0, 0, 0, 1, 7200, 255, 1), -- 230286 (Area: 7086)
-- (@OGUID+246, 227074, 1159, 3, 1, '', 1804.333, 189.1458, 70.07482, 1.963495, 0, 0, 0.8314695, 0.5555702, 7200, 255, 1), -- 227074 (Area: 7086)
-- (@OGUID+247, 227072, 1159, 3, 1, '', 1819.583, 231.2813, 72.17403, 4.991641, 0, 0, -0.6018152, 0.7986354, 7200, 255, 1), -- 227072 (Area: 7086)
-- (@OGUID+248, 233290, 1159, 3, 1, '', 1814.548, 231.6281, 72.93484, 5.925394, 0, 0, -0.6018153, 0.7986353, 7200, 255, 1), -- 233290 (Area: 7086)
-- (@OGUID+249, 228641, 1159, 3, 1, '', 1819.467, 234.9945, 73.5435, 3.857178, 0, 0, -0.6018153, 0.7986353, 7200, 255, 1), -- 228641 (Area: 7086)
-- (@OGUID+250, 233832, 1159, 3, 1, '', 1886.282, 187.0796, 79.00793, 2.519601, 0, 0, 0, 1, 7200, 255, 1), -- 233832 (Area: 7086)
-- (@OGUID+251, 233288, 1159, 3, 1, '', 1822.474, 227.278, 72.90004, 0.3141584, 0, 0, -0.6018153, 0.7986353, 7200, 255, 1), -- 233288 (Area: 7086)
-- (@OGUID+252, 233289, 1159, 3, 1, '', 1823.28, 234.9167, 72.93081, 5.820673, 0, 0, -0.6018153, 0.7986353, 7200, 255, 1), -- 233289 (Area: 7086)
-- (@OGUID+253, 239433, 1159, 3, 1, '', 1824.764, 230.6288, 72.90624, 2.853232, 0, 0, 0, 1, 7200, 255, 1), -- 239433 (Area: 7086)
-- (@OGUID+254, 236646, 1159, 3, 1, '', 1818.785, 222.9092, 72.17403, 0.2070749, 0, 0, -0.6018153, 0.7986353, 7200, 255, 1), -- 236646 (Area: 7086)
-- (@OGUID+255, 228637, 1159, 3, 1, '', 1819.325, 232.8831, 72.92693, 1.817619, 0, 0, -0.6018153, 0.7986353, 7200, 255, 1), -- 228637 (Area: 7086)
-- (@OGUID+256, 233722, 1159, 3, 1, '', 1809.358, 191.0344, 71.79782, 2.233919, 0, 0, 0.8314694, 0.5555704, 7200, 255, 1), -- 233722 (Area: 7086)
-- (@OGUID+257, 233723, 1159, 3, 1, '', 1799.192, 186.0428, 72.81615, 4.345872, 0, 0, 0.8314694, 0.5555704, 7200, 255, 1), -- 233723 (Area: 7086)
-- (@OGUID+258, 228662, 1159, 3, 1, '', 1807.185, 187.2152, 70.8258, 1.954766, 0, 0, 0.8314694, 0.5555704, 7200, 255, 1), -- 228662 (Area: 7086)
-- (@OGUID+259, 233720, 1159, 3, 1, '', 1806.492, 187.4832, 72.38457, 0.41015, 0, 0, 0.8314694, 0.5555704, 7200, 255, 1), -- 233720 (Area: 7086)
-- (@OGUID+260, 233721, 1159, 3, 1, '', 1807.587, 194.013, 72.60868, 2.731435, 0, 0, 0.8314694, 0.5555704, 7200, 255, 1), -- 233721 (Area: 7086)
-- (@OGUID+261, 236648, 1159, 3, 1, '', 1804.178, 197.5544, 70.07482, 3.462117, 0, 0, 0.8314694, 0.5555704, 7200, 255, 1), -- 236648 (Area: 7086)
-- (@OGUID+262, 233724, 1159, 3, 1, '', 1803.66, 185.5688, 71.82745, 1.082101, 0, 0, 0.8314694, 0.5555704, 7200, 255, 1), -- 233724 (Area: 7086)
-- (@OGUID+263, 230994, 1159, 3, 1, '', 2025.201, 176.3646, 84.45611, 0.802851, 0, 0, 0, 1, 7200, 255, 1), -- 230994 (Area: 7086)
 (@OGUID+264, 233141, 1159, 3, 1, '', 1973.08, 89.84375, 85.37319, 0, 0, 0, 0, 1, 7200, 255, 1), -- 233141 (Area: 7086)
 (@OGUID+265, 232544, 1159, 3, 1, '', 1873.648, 39.79396, 62.41096, 1.155125, 0, 0, 0, 1, 7200, 255, 1), -- 232544 (Area: 7086)
-- (@OGUID+266, 234303, 1159, 3, 1, '', 1825.467, 225.2221, 72.36808, 1.875502, 0, 0, 0, 1, 7200, 255, 1), -- 234303 (Area: 7086)
-- (@OGUID+267, 234303, 1159, 3, 1, '', 1803.174, 196.6395, 70.29183, 1.963495, 0, 0, 0, 1, 7200, 255, 1), -- 234303 (Area: 7086)
(@OGUID+268, 233610, 1159, 3, 1, '', 1966.385, 66.29166, 108.92, 0.771714, 0, 0, 0, 1, 7200, 255, 1), -- 233610 (Area: 7086)
(@OGUID+269, 233141, 1159, 3, 1, '', 2033.717, 180.4149, 84.31715, 0, 0, 0, 0, 1, 7200, 255, 1); -- 233141 (Area: 7086)
-- (@OGUID+270, 227180, 1159, 3, 1, '', 1804.333, 189.1458, 70.07482, 1.963495, 0, 0, 0.8314695, 0.5555702, 7200, 255, 1), -- 227180 (Area: 7086)
-- (@OGUID+271, 227074, 1159, 3, 1, '', 1830.528, 196.7465, 71.98586, 1.902406, 0, 0, 0.8141155, 0.580703, 7200, 255, 1), -- 227074 (Area: 7086)
-- (@OGUID+272, 234303, 1159, 3, 1, '', 1803.073, 197.0164, 69.98223, 1.946879, 0, 0, 0, 1, 7200, 255, 1), -- 234303 (Area: 7086)
-- (@OGUID+273, 234303, 1159, 3, 1, '', 1829.828, 204.297, 72.20287, 1.902406, 0, 0, 0, 1, 7200, 255, 1), -- 234303 (Area: 7086)
-- (@OGUID+274, 233721, 1159, 3, 1, '', 1834.072, 201.406, 74.51971, 2.670348, 0, 0, 0.8141146, 0.5807043, 7200, 255, 1), -- 233721 (Area: 7086)
-- (@OGUID+275, 236648, 1159, 3, 1, '', 1830.886, 205.1489, 71.98586, 3.401033, 0, 0, 0.8141146, 0.5807043, 7200, 255, 1), -- 236648 (Area: 7086)
-- (@OGUID+276, 233722, 1159, 3, 1, '', 1835.658, 198.3248, 73.70885, 2.17283, 0, 0, 0.8141146, 0.5807043, 7200, 255, 1), -- 233722 (Area: 7086)
-- (@OGUID+277, 228662, 1159, 3, 1, '', 1833.256, 194.6454, 72.73683, 1.893679, 0, 0, 0.8141146, 0.5807043, 7200, 255, 1), -- 228662 (Area: 7086)
-- (@OGUID+278, 233720, 1159, 3, 1, '', 1832.58, 194.9552, 74.29561, 0.3490619, 0, 0, 0.8141146, 0.5807043, 7200, 255, 1), -- 233720 (Area: 7086)
-- (@OGUID+279, 228712, 1159, 3, 1, '', 1804.465, 186.3367, 70.80051, 1.378809, 0, 0, 0.8314694, 0.5555704, 7200, 255, 1), -- 228712 (Area: 7086)
-- (@OGUID+280, 228713, 1159, 3, 1, '', 1805.465, 190.4922, 71.9303, 5.235988, 0, 0, 0.8314694, 0.5555704, 7200, 255, 1), -- 228713 (Area: 7086)
-- (@OGUID+281, 228710, 1159, 3, 1, '', 1797.652, 186.5399, 71.63058, 0.4625117, 0, 0, 0.8314694, 0.5555704, 7200, 255, 1), -- 228710 (Area: 7086)
-- (@OGUID+282, 233724, 1159, 3, 1, '', 1829.637, 193.2173, 73.73848, 1.021011, 0, 0, 0.8141146, 0.5807043, 7200, 255, 1), -- 233724 (Area: 7086)
-- (@OGUID+283, 236420, 1159, 3, 1, '', 1804.178, 197.5544, 70.07482, 3.462117, 0, 0, 0.8314694, 0.5555704, 7200, 255, 1), -- 236420 (Area: 7086)
-- (@OGUID+284, 228711, 1159, 3, 1, '', 1803.445, 185.1669, 70.81682, 1.946041, 0, 0, 0.8314694, 0.5555704, 7200, 255, 1), -- 228711 (Area: 7086)
-- (@OGUID+285, 228714, 1159, 3, 1, '', 1806.197, 186.3381, 71.94719, 2.338717, 0, 0, 0.8314694, 0.5555704, 7200, 255, 1), -- 228714 (Area: 7086)
-- (@OGUID+286, 233723, 1159, 3, 1, '', 1825.207, 193.9632, 74.72718, 4.28478, 0, 0, 0.8141146, 0.5807043, 7200, 255, 1), -- 233723 (Area: 7086)
-- (@OGUID+287, 227072, 1159, 3, 1, '', 1804.333, 189.1458, 70.07482, 1.963495, 0, 0, 0.8314695, 0.5555702, 7200, 255, 1), -- 227072 (Area: 7086)
-- (@OGUID+288, 227180, 1159, 3, 1, '', 1819.583, 231.2813, 72.17403, 4.991641, 0, 0, -0.6018152, 0.7986354, 7200, 255, 1), -- 227180 (Area: 7086)
-- (@OGUID+289, 228713, 1159, 3, 1, '', 1818.307, 230.0717, 74.0295, 1.980947, 0, 0, -0.6018153, 0.7986353, 7200, 255, 1), -- 228713 (Area: 7086)
-- (@OGUID+290, 228710, 1159, 3, 1, '', 1826.517, 233.1141, 73.7298, 3.490653, 0, 0, -0.6018153, 0.7986353, 7200, 255, 1), -- 228710 (Area: 7086)
-- (@OGUID+291, 228711, 1159, 3, 1, '', 1820.917, 235.134, 72.91602, 4.97419, 0, 0, -0.6018153, 0.7986353, 7200, 255, 1), -- 228711 (Area: 7086)
-- (@OGUID+292, 228714, 1159, 3, 1, '', 1818.049, 234.2819, 74.04639, 5.366895, 0, 0, -0.6018153, 0.7986353, 7200, 255, 1), -- 228714 (Area: 7086)
-- (@OGUID+293, 228712, 1159, 3, 1, '', 1819.77, 234.0873, 72.89971, 4.406958, 0, 0, -0.6018153, 0.7986353, 7200, 255, 1), -- 228712 (Area: 7086)
-- (@OGUID+294, 236646, 1159, 3, 1, '', 1804.178, 197.5544, 70.07482, 3.462117, 0, 0, 0.8314694, 0.5555704, 7200, 255, 1), -- 236646 (Area: 7086)
-- (@OGUID+295, 236420, 1159, 3, 1, '', 1818.785, 222.9092, 72.17403, 0.2070749, 0, 0, -0.6018153, 0.7986353, 7200, 255, 1), -- 236420 (Area: 7086)
-- (@OGUID+296, 228637, 1159, 3, 1, '', 1804.772, 187.5836, 70.82771, 5.072662, 0, 0, 0.8314694, 0.5555704, 7200, 255, 1), -- 228637 (Area: 7086)
-- (@OGUID+297, 233290, 1159, 3, 1, '', 1809.376, 189.3713, 70.83563, 2.897245, 0, 0, 0.8314694, 0.5555704, 7200, 255, 1), -- 233290 (Area: 7086)
-- (@OGUID+298, 228641, 1159, 3, 1, '', 1804.87, 185.4696, 71.4443, 0.8290303, 0, 0, 0.8314694, 0.5555704, 7200, 255, 1), -- 228641 (Area: 7086)
-- (@OGUID+299, 233288, 1159, 3, 1, '', 1801.008, 192.7961, 70.80083, 3.569199, 0, 0, 0.8314694, 0.5555704, 7200, 255, 1), -- 233288 (Area: 7086)
-- (@OGUID+300, 233289, 1159, 3, 1, '', 1801.072, 185.1152, 70.8316, 2.792518, 0, 0, 0.8314694, 0.5555704, 7200, 255, 1), -- 233289 (Area: 7086)
-- (@OGUID+301, 239433, 1159, 3, 1, '', 1799.113, 189.2076, 70.80704, 6.108286, 0, 0, 0, 1, 7200, 255, 1), -- 239433 (Area: 7086)
-- (@OGUID+302, 234303, 1159, 3, 1, '', 1797.802, 194.5, 70.26888, 5.130546, 0, 0, 0, 1, 7200, 255, 1), -- 234303 (Area: 7086)
-- (@OGUID+303, 234303, 1159, 3, 1, '', 1819.945, 223.3186, 72.08144, 4.975029, 0, 0, 0, 1, 7200, 255, 1); -- 234303 (Area: 7086)


